_changetype,_CUSTOMER1_FISCHER_GROUPS_BY_USER.LAST_NAME_NON_CUSTOMER1,_CUSTOMER1_FISCHER_GROUPS_BY_USER.USER_EMAIL,_CUSTOMER1_FISCHER_GROUPS_BY_USER.FIRST_NAME_NON_CUSTOMER1,_CUSTOMER1_FISCHER_GROUPS_BY_USER.BANNER_ID,_CUSTOMER1_FISCHER_GROUPS_BY_USER.GROUP_EMAIL,_CUSTOMER1_FISCHER_GROUPS_BY_USER.GROUP_ID
add,,user1451,,B00228622,depts-eng-fac,
add,,user262,,B00192061,depts-eng-fac,
add,,user264,,B00876528,depts-eng-fac,
add,,user265,,B00256631,depts-eng-fac,
add,,user266,,B00450928,depts-eng-fac,
add,,user268,,A00013146,depts-eng-fac,
add,,user269,,B00489591,depts-eng-fac,
add,,user271,,B00235877,depts-eng-fac,
add,,user984,,A00444029,depts-eng-fac,
add,,user273,,B00298750,depts-eng-fac,
add,,user274,,B00850800,depts-eng-fac,
add,,user275,,B00191765,depts-eng-fac,
add,,user277,,B00350771,depts-eng-fac,
add,,user278,,B00298497,depts-eng-fac,
add,,user279,,B00383744,depts-eng-fac,
add,,user285,,B00716686,depts-eng-fac,
add,,user287,,B00368181,depts-eng-fac,
add,,user288,,A00438506,depts-eng-fac,
add,,user289,,B00429211,depts-eng-fac,
add,,user290,,A00091957,depts-eng-fac,
add,,user291,,A00045783,depts-eng-fac,
add,,user293,,B00877471,depts-eng-fac,
add,,user295,,B00027865,depts-eng-fac,
add,,user296,,B00422190,depts-eng-fac,
add,,user306,,B00407994,depts-eng-fac,
add,,user307,,A00483638,depts-eng-fac,
add,,user308,,A00016125,depts-eng-fac,
add,,user309,,A00248295,depts-eng-fac,
add,,user310,,A00468091,depts-eng-fac,
add,,user311,,B00348814,depts-eng-fac,
add,,user312,,A00367309,depts-eng-fac,
add,,user313,,B00041072,depts-eng-fac,
add,,user948,,A00288461,depts-eng-fac,
add,,user317,,A00004728,depts-eng-fac,
add,,user319,,A00463291,depts-eng-fac,
add,,user321,,A00435308,depts-eng-fac,
add,,user1455,,A00093765,depts-eng-fac,
add,,user323,,B00204559,depts-eng-fac,
add,,user324,,B00347466,depts-eng-fac,
add,,user325,,A00376188,depts-eng-fac,
add,,user326,,B00812551,depts-eng-fac,
add,,user328,,B00413895,depts-eng-fac,
add,,user334,,B00156777,depts-eng-staff,
add,,user977,,B00448366,depts-eng-staff,
add,,user338,,B00850690,depts-eng-staff,
add,,user339,,B00014960,depts-eng-staff,
add,,user341,,B00435648,depts-eng-staff,
add,,user343,,B00300333,depts-eng-staff,
add,,user344,,A00101788,depts-eng-staff,
add,,user1243,,B00250680,depts-eng-staff,
add,,user1331,,B00624140,depts-envs-fac,
add,,user1230,,A00483539,depts-envs-fac,
add,,user259,,B00491562,depts-eths-fac,
add,,user263,,B00486625,depts-eths-fac,
add,,user1019,,B00180852,depts-eths-fac,
add,,user294,,B00459907,depts-eths-fac,
add,,user1072,,A00438820,depts-eths-fac,
add,,user314,,B00160428,depts-eths-fac,
add,,user315,,B00485974,depts-eths-fac,
add,,user318,,B00197584,depts-eths-fac,
add,,user327,,A00088420,depts-eths-fac,
add,,user979,,B00303351,depts-eths-staff,
add,,user703nderson,,B00896600,depts-evst-fac,
add,,user449,,B00173453,depts-fa-fac,
add,,user1406,,B00842546,depts-fa-fac,
add,,user1407,,B00486185,depts-fa-fac,
add,,user1408,,B00368182,depts-fa-fac,
add,,user1409,,B00368134,depts-fa-fac,
add,,user450,,B00083164,depts-fa-fac,
add,,user451,,A00011487,depts-fa-fac,
add,,user1183,,B00352329,depts-fa-fac,
add,,user452,,B00326020,depts-fa-fac,
add,,user1184,,A00016119,depts-fa-fac,
add,,user453,,B00204688,depts-fa-fac,
add,,user454,,A00035753,depts-fa-fac,
add,,user455,,B00489574,depts-fa-fac,
add,,user456,,B00410062,depts-fa-fac,
add,,user1185,,B00025328,depts-fa-fac,
add,,user1410,,B00452236,depts-fa-fac,
add,,user457,,B00719094,depts-fa-fac,
add,,user458,,A00086625,depts-fa-fac,
add,,user1186,,B00877177,depts-fa-fac,
add,,user986,,A00394363,depts-fa-fac,
add,,user460,,B00485934,depts-fa-fac,
add,,user1187,,B00276874,depts-fa-fac,
add,,user1188,,B00375688,depts-fa-fac,
add,,user461,,B00012884,depts-fa-fac,
add,,user462,,A00393879,depts-fa-fac,
add,,user1411,,B00471015,depts-fa-fac,
add,,user1189,,B00431654,depts-fa-fac,
add,,user463,,B00174273,depts-fa-fac,
add,,user464,,A00017460,depts-fa-fac,
add,,user465,,B00235363,depts-fa-fac,
add,,user466,,A00402945,depts-fa-fac,
add,,user1190,,B00230714,depts-fa-fac,
add,,user467,,B00337430,depts-fa-fac,
add,,user468,,B00487315,depts-fa-fac,
add,,user1412,,B00792484,depts-fa-fac,
add,,user1191,,A00410474,depts-fa-fac,
add,,user500,,B00090957,depts-fa-fac,
add,,user1192,,B00850070,depts-fa-fac,
add,,user470,,A00424032,depts-fa-fac,
add,,user1452,,B00144419,depts-fa-fac,
add,,user1413,,B00401953,depts-fa-fac,
add,,user1193,,A00427774,depts-fa-fac,
add,,user1194,,A00016006,depts-fa-fac,
add,,user1414,,A00273598,depts-fa-fac,
add,,user472,,B00264734,depts-fa-fac,
add,,user1438,,A00016116,depts-fa-fac,
add,,user1415,,B00217705,depts-fa-fac,
add,,user1416,,A00016111,depts-fa-fac,
add,,user1417,,B00444154,depts-fa-fac,
add,,user1195,,B00266126,depts-fa-fac,
add,,user1432,,B00311690,depts-fa-fac,
add,,user496,,B00486071,depts-fa-fac,
add,,user497,,B00171861,depts-fa-fac,
add,,user505,,B00204591,depts-fa-fac,
add,,user506,,A00000831,depts-fa-fac,
add,,user476,,A00016135,depts-fa-fac,
add,,user1196,,A00016130,depts-fa-fac,
add,,user1197,,B00367280,depts-fa-fac,
add,,user473,,A00016531,depts-fa-fac,
add,,user477,,B00187900,depts-fa-fac,
add,,user1419,,A00162588,depts-fa-fac,
add,,user1198,,B00878878,depts-fa-fac,
add,,user507,,A00011707,depts-fa-fac,
add,,user479,,B00619192,depts-fa-fac,
add,,user1199,,A00062082,depts-fa-fac,
add,,user1200,,A00085991,depts-fa-fac,
add,,user1201,,B00369561,depts-fa-fac,
add,,user480,,B00723201,depts-fa-fac,
add,,user1202,,A00043825,depts-fa-fac,
add,,user1203,,A00367165,depts-fa-fac,
add,,user785ineo,,A00239471,depts-fa-fac,
add,,user482,,B00369908,depts-fa-fac,
add,,user483,,B00843720,depts-fa-fac,
add,,user1420,,B00161711,depts-fa-fac,
add,,user1421,,A00000605,depts-fa-fac,
add,,user1422,,A00016035,depts-fa-fac,
add,,user484,,A00292367,depts-fa-fac,
add,,user485,,B00036767,depts-fa-fac,
add,,user508,,B00042668,depts-fa-fac,
add,,user487,,B00192670,depts-fa-fac,
add,,user1423,,B00721937,depts-fa-fac,
add,,user509,,A00419044,depts-fa-fac,
add,,user1204,,B00619252,depts-fa-fac,
add,,user489,,B00485295,depts-fa-fac,
add,,user1424,,B00263123,depts-fa-fac,
add,,user1425,,B00246243,depts-fa-fac,
add,,user1205,,B00878561,depts-fa-fac,
add,,user1437,,B00250822,depts-fa-fac,
add,,user1427,,B00848454,depts-fa-fac,
add,,user512,,A00428629,depts-fa-fac,
add,,user513,,A00163063,depts-fa-fac,
add,,user1206,,B00351189,depts-fa-fac,
add,,user1428,,B00482461,depts-fa-fac,
add,,user492,,A00000902,depts-fa-fac,
add,,user515,,B00193219,depts-fa-fac,
add,,user516,,A00001772,depts-fa-fac,
add,,user1207,,B00384956,depts-fa-fac,
add,,user1208,,B00625737,depts-fa-fac,
add,,user1429,,B00894281,depts-fa-fac,
add,,user1209,,B00482578,depts-fa-fac,
add,,user495,,B00187391,depts-fa-fac,
add,,user1430,,B00491784,depts-fa-staff,
add,,user1431,,A00015528,depts-fa-staff,
add,,user1210,,B00156460,depts-fa-staff,
add,,user498,,B00484678,depts-fa-staff,
add,,user499,,B00350799,depts-fa-staff,
add,,user1211,,B00492403,depts-fa-staff,
add,,user500,,B00090957,depts-fa-staff,
add,,user501,,A00017452,depts-fa-staff,
add,,user1212,,B00280112,depts-fa-staff,
add,,user502,,B00485294,depts-fa-staff,
add,,user503,,B00216577,depts-fa-staff,
add,,user1432,,B00311690,depts-fa-staff,
add,,user504,,B00548213,depts-fa-staff,
add,,user505,,B00204591,depts-fa-staff,
add,,user506,,A00000831,depts-fa-staff,
add,,user507,,A00011707,depts-fa-staff,
add,,user1433,,B00487210,depts-fa-staff,
add,,user1213,,B00233163,depts-fa-staff,
add,,user1434,,B00485292,depts-fa-staff,
add,,user1435,,B00324554,depts-fa-staff,
add,,user508,,B00042668,depts-fa-staff,
add,,user509,,A00419044,depts-fa-staff,
add,,user1214,,B00298102,depts-fa-staff,
add,,user1115,,B00413616,depts-fa-staff,
add,,user1436,,B00131971,depts-fa-staff,
add,,user1437,,B00250822,depts-fa-staff,
add,,user511,,B00215915,depts-fa-staff,
add,,user512,,A00428629,depts-fa-staff,
add,,user1216,,B00295947,depts-fa-staff,
add,,user513,,A00163063,depts-fa-staff,
add,,user514,,B00701112,depts-fa-staff,
add,,user515,,B00193219,depts-fa-staff,
add,,user516,,A00001772,depts-fa-staff,
add,,user258,,B00400477,depts-fren-fac,
add,,user298,,A00056064,depts-fren-fac,
add,,user300,,B00482585,depts-fren-fac,
add,,user303,,A00016022,depts-fren-fac,
add,,user1318,,A00444159,depts-fren-fac,
add,,user1451,,B00228622,depts-fren-staff,
add,,user1019,,B00180852,depts-gened-fac,
add,,user738,,B00465303,depts-govt-fac,
add,,user747,,A00430766,depts-govt-fac,
add,,user762,,B00487155,depts-govt-fac,
add,,user766,,A00102062,depts-govt-fac,
add,,user769,,B00487148,depts-govt-fac,
add,,user772,,B00088076,depts-govt-fac,
add,,user785,,A00015145,depts-govt-fac,
add,,user807,,B00184621,depts-govt-staff,
add,,user997,,B00037212,depts-grst-staff,
add,,user1104,,B00894592,depts-grst-staff,
add,,user1106,,B00485919,depts-grst-staff,
add,,user1130,,B00333711,depts-grst-staff,
add,,user742,,A00016104,depts-hist-fac,
add,,user756,,B00412321,depts-hist-fac,
add,,user1082,,A00016284,depts-hist-fac,
add,,user783,,B00489553,depts-hist-fac,
add,,user784,,B00489557,depts-hist-fac,
add,,user787,,B00867227,depts-hist-fac,
add,,user802,,B00217285,depts-hist-fac,
add,,user803,,B00848800,depts-hist-fac,
add,,user807,,B00184621,depts-hist-staff,
add,,user1341,,A00016555,depts-hmds-staff,
add,,user1027,,B00488169,depts-hmds-staff,
add,,user1342,,B00304608,depts-hmds-staff,
add,,user1074,,B00489888,depts-hmds-staff,
add,,user1090,,B00255768,depts-hmds-staff,
add,,auser1198,,B00491774,depts-hr-staff,
add,,user990,,B00839067,depts-hr-staff,
add,,user1002,,B00488667,depts-hr-staff,
add,,user1020,,B00492691,depts-hr-staff,
add,,user1049,,B00313691,depts-hr-staff,
add,,user1083,,B00363341,depts-hr-staff,
add,,user1099,,B00487818,depts-hr-staff,
add,,user1134,,B00385468,depts-hr-staff,
add,,user1136,,B00490896,depts-hr-staff,
add,,user239,,A00449825,depts-hsng-staff,
add,,user1222,,B00867224,depts-hssm-fac,
add,,user1019,,B00180852,depts-hssm-staff,
add,,user1452,,B00144419,depts-iart-fac,
add,,user476,,A00016135,depts-iart-fac,
add,,user1423,,B00721937,depts-iart-fac,
add,,user1204,,B00619252,depts-iart-fac,
add,,user1424,,B00263123,depts-iart-fac,
add,,user1216,,B00295947,depts-iart-staff,
add,,user1579,,B00369651,depts-icl-fac,
add,,user957,,B00235370,depts-ir-staff,
add,,user250,,B00437567,depts-ir-staff,
add,,user952,,B00489914,depts-lee-staff,
add,,user964,,A00402523,depts-lee-staff,
add,,user253,,B00881443,depts-lee-staff,
add,,user254,,B00295932,depts-lee-staff,
add,,user1098,,B00488955,depts-lee-staff,
add,,user256,,B00450048,depts-lee-staff,
add,,user1111,,B00039257,depts-lee-staff,
add,,user258,,B00400477,depts-let-fac,
add,,user259,,B00491562,depts-let-fac,
add,,user810,,A00444765,depts-let-fac,
add,,user1451,,B00228622,depts-let-fac,
add,,user262,,B00192061,depts-let-fac,
add,,user263,,B00486625,depts-let-fac,
add,,user264,,B00876528,depts-let-fac,
add,,user265,,B00256631,depts-let-fac,
add,,user266,,B00450928,depts-let-fac,
add,,user1317,,B00392792,depts-let-fac,
add,,user268,,A00013146,depts-let-fac,
add,,user269,,B00489591,depts-let-fac,
add,,user635,,A00016017,depts-let-fac,
add,,user271,,B00235877,depts-let-fac,
add,,user984,,A00444029,depts-let-fac,
add,,user273,,B00298750,depts-let-fac,
add,,user274,,B00850800,depts-let-fac,
add,,user275,,B00191765,depts-let-fac,
add,,user448,,A00015129,depts-let-fac,
add,,user277,,B00350771,depts-let-fac,
add,,user278,,B00298497,depts-let-fac,
add,,user279,,B00383744,depts-let-fac,
add,,user811,,B00356874,depts-let-fac,
add,,user812,,A00016060,depts-let-fac,
add,,user1237,,A00275797,depts-let-fac,
add,,user1019,,B00180852,depts-let-fac,
add,,user636,,B00040622,depts-let-fac,
add,,user285,,B00716686,depts-let-fac,
add,,user1238,,B00291737,depts-let-fac,
add,,user287,,B00368181,depts-let-fac,
add,,user288,,A00438506,depts-let-fac,
add,,user289,,B00429211,depts-let-fac,
add,,user290,,A00091957,depts-let-fac,
add,,user291,,A00045783,depts-let-fac,
add,,user1239,,A00016121,depts-let-fac,
add,,user293,,B00877471,depts-let-fac,
add,,user294,,B00459907,depts-let-fac,
add,,user295,,B00027865,depts-let-fac,
add,,user296,,B00422190,depts-let-fac,
add,,user1453,,B00216516,depts-let-fac,
add,,user298,,A00056064,depts-let-fac,
add,,user638,,B00040685,depts-let-fac,
add,,user300,,B00482585,depts-let-fac,
add,,user813,,B00727772,depts-let-fac,
add,,user814,,A00023577,depts-let-fac,
add,,user303,,A00016022,depts-let-fac,
add,,user1318,,A00444159,depts-let-fac,
add,,user1072,,A00438820,depts-let-fac,
add,,user306,,B00407994,depts-let-fac,
add,,user307,,A00483638,depts-let-fac,
add,,user308,,A00016125,depts-let-fac,
add,,user309,,A00248295,depts-let-fac,
add,,user310,,A00468091,depts-let-fac,
add,,user311,,B00348814,depts-let-fac,
add,,user312,,A00367309,depts-let-fac,
add,,user313,,B00041072,depts-let-fac,
add,,user314,,B00160428,depts-let-fac,
add,,user315,,B00485974,depts-let-fac,
add,,user948,,A00288461,depts-let-fac,
add,,user317,,A00004728,depts-let-fac,
add,,user318,,B00197584,depts-let-fac,
add,,user319,,A00463291,depts-let-fac,
add,,user320,,A00015577,depts-let-fac,
add,,user321,,A00435308,depts-let-fac,
add,,user1455,,A00093765,depts-let-fac,
add,,user323,,B00204559,depts-let-fac,
add,,user324,,B00347466,depts-let-fac,
add,,user325,,A00376188,depts-let-fac,
add,,user326,,B00812551,depts-let-fac,
add,,user327,,A00088420,depts-let-fac,
add,,user328,,B00413895,depts-let-fac,
add,,user370,,B00484075,depts-let-fac,
add,,user816,,A00197931,depts-let-fac,
add,,user810,,A00444765,depts-let-staff,
add,,user1451,,B00228622,depts-let-staff,
add,,user1240,,B00296443,depts-let-staff,
add,,user334,,B00156777,depts-let-staff,
add,,user977,,B00448366,depts-let-staff,
add,,user979,,B00303351,depts-let-staff,
add,,user807,,B00184621,depts-let-staff,
add,,user338,,B00850690,depts-let-staff,
add,,user339,,B00014960,depts-let-staff,
add,,user1241,,B00378610,depts-let-staff,
add,,user341,,B00435648,depts-let-staff,
add,,user1242,,B00486139,depts-let-staff,
add,,user343,,B00300333,depts-let-staff,
add,,user344,,A00101788,depts-let-staff,
add,,user1243,,B00250680,depts-let-staff,
add,,user346,,A00017911,depts-lib-fac,
add,,user1018,,A00202532,depts-lib-fac,
add,,user1068,,B00620063,depts-lib-fac,
add,,user349,,B00489823,depts-lib-staff,
add,,user350,,B00159103,depts-lib-staff,
add,,user351,,B00305954,depts-lib-staff,
add,,user352,,B00208634,depts-lib-staff,
add,,user1018,,A00202532,depts-lib-staff,
add,,user354,,B00164850,depts-lib-staff,
add,,user1034,,B00397009,depts-lib-staff,
add,,user356,,B00482755,depts-lib-staff,
add,,user357,,B00369758,depts-lib-staff,
add,,user1055,,B00371174,depts-lib-staff,
add,,user1064,,B00471181,depts-lib-staff,
add,,user1068,,B00620063,depts-lib-staff,
add,,user361,,B00399856,depts-lib-staff,
add,,user362,,A00454613,depts-lib-staff,
add,,user363,,B00332094,depts-lib-staff,
add,,user364,,B00673131,depts-lib-staff,
add,,user810,,A00444765,depts-ll-fac,
add,,user1451,,B00228622,depts-ll-fac,
add,,user1317,,B00392792,depts-ll-fac,
add,,user813,,B00727772,depts-ll-fac,
add,,user1318,,A00444159,depts-ll-fac,
add,,user370,,B00484075,depts-ll-fac,
add,,user979,,B00303351,depts-ll-staff,
add,,user1245,,B00156973,depts-mbpp-fac,
add,,user1588,,B00333060,depts-mbpp-fac,
add,,user1263,,B00489536,depts-mbpp-fac,
add,,user1270,,B00451452,depts-mbpp-staff,
add,,user1273,,B00365210,depts-mbpp-staff,
add,,user1450,,B00489520,depts-mbpp-staff,
add,,user1276,,B00370141,depts-mbpp-staff,
add,,user1277,,B00869429,depts-mbpp-staff,
add,,user1278,,B00849031,depts-mbpp-staff,
add,,user1033,,B00492975,depts-mcam-staff,
add,,user1214,,B00298102,depts-mcam-staff,
add,,user383,,B00209571,depts-mcam-staff,
add,,user384,,B00339935,depts-mcc-staff,
add,,user385,,B00308597,depts-mcc-staff,
add,,user1135,,B00249074,depts-mcc-staff,
add,,user519,,B00428567,depts-mcs-fac,
add,,user522,,B00449388,depts-mcs-fac,
add,,user958,,B00722187,depts-mcs-fac,
add,,user524,,B00491112,depts-mcs-fac,
add,,user969,,A00037366,depts-mcs-fac,
add,,user540,,B00673297,depts-mcs-fac,
add,,user548,,A00013521,depts-mcs-fac,
add,,user553,,B00400125,depts-mcs-fac,
add,,user563,,B00489466,depts-mcs-fac,
add,,user564,,B00447966,depts-mcs-fac,
add,,user1067,,B00194523,depts-mcs-fac,
add,,user574,,B00489472,depts-mcs-fac,
add,,user584,,B00176369,depts-mcs-fac,
add,,user588,,B00228903,depts-mcs-fac,
add,,user590,,A00384524,depts-mcs-fac,
add,,user591,,B00454254,depts-mcs-fac,
add,,user592,,A00447980,depts-mcs-fac,
add,,user1339,,B00489192,depts-mcs-staff,
add,,user597,,B00489782,depts-mcs-staff,
add,,user406,,B00370578,depts-mctr-staff,
add,,user967,,B00369892,depts-mctr-staff,
add,,user970,,B00397825,depts-mctr-staff,
add,,user409,,B00843621,depts-mctr-staff,
add,,user980,,B00877468,depts-mctr-staff,
add,,user991,,B00490316,depts-mctr-staff,
add,,user412,,B00446699,depts-mctr-staff,
add,,user413,,B00486771,depts-mctr-staff,
add,,user1017,,B00158014,depts-mctr-staff,
add,,user1024,,B00451234,depts-mctr-staff,
add,,user1050,,B00488443,depts-mctr-staff,
add,,user1053,,B00486171,depts-mctr-staff,
add,,user1071,,B00012082,depts-mctr-staff,
add,,user1093,,B00721144,depts-mctr-staff,
add,,user420,,A00450999,depts-mctr-staff,
add,,user421,,B00089746,depts-mctr-staff,
add,,user1246,,B00170862,depts-mgmt-fac,
add,,user1247,,B00366297,depts-mgmt-fac,
add,,user1248,,B00379302,depts-mgmt-fac,
add,,user1250,,B00034820,depts-mgmt-fac,
add,,user1251,,B00792555,depts-mgmt-fac,
add,,user1252,,B00876789,depts-mgmt-fac,
add,,user1254,,B00400377,depts-mgmt-fac,
add,,user1256,,B00619798,depts-mgmt-fac,
add,,user1253,,B00260923,depts-mgmt-fac,
add,,user1257,,B00193807,depts-mgmt-fac,
add,,user1442,,B00723548,depts-mgmt-fac,
add,,user1259,,B00350770,depts-mgmt-fac,
add,,user1260,,A00072811,depts-mgmt-fac,
add,,user1444,,B00310833,depts-mgmt-fac,
add,,user1262,,B00484109,depts-mgmt-fac,
add,,user1264,,B00812503,depts-mgmt-fac,
add,,user1265,,B00445581,depts-mgmt-fac,
add,,user1267,,B00447237,depts-mgmt-fac,
add,,user1268,,B00792557,depts-mgmt-fac,
add,,user1275,,B00403210,depts-mgmt-staff,
add,,user1280,,B00673004,depts-mgmt-staff,
add,,user1283,,B00452529,depts-mgmt-staff,
add,,user444,,B00490209,depts-mktg-staff,
add,,user445,,B00151201,depts-mktg-staff,
add,,user1032,,B00839795,depts-mktg-staff,
add,,user447,,B00409686,depts-mktg-staff,
add,,user448,,A00015129,depts-mll-fac,
add,,user449,,B00173453,depts-mus-fac,
add,,user450,,B00083164,depts-mus-fac,
add,,user451,,A00011487,depts-mus-fac,
add,,user452,,B00326020,depts-mus-fac,
add,,user453,,B00204688,depts-mus-fac,
add,,user454,,A00035753,depts-mus-fac,
add,,user455,,B00489574,depts-mus-fac,
add,,user456,,B00410062,depts-mus-fac,
add,,user457,,B00719094,depts-mus-fac,
add,,user458,,A00086625,depts-mus-fac,
add,,user986,,A00394363,depts-mus-fac,
add,,user460,,B00485934,depts-mus-fac,
add,,user461,,B00012884,depts-mus-fac,
add,,user462,,A00393879,depts-mus-fac,
add,,user463,,B00174273,depts-mus-fac,
add,,user464,,A00017460,depts-mus-fac,
add,,user465,,B00235363,depts-mus-fac,
add,,user466,,A00402945,depts-mus-fac,
add,,user467,,B00337430,depts-mus-fac,
add,,user468,,B00487315,depts-mus-fac,
add,,user500,,B00090957,depts-mus-fac,
add,,user470,,A00424032,depts-mus-fac,
add,,user1452,,B00144419,depts-mus-fac,
add,,user472,,B00264734,depts-mus-fac,
add,,user473,,A00016531,depts-mus-fac,
add,,user505,,B00204591,depts-mus-fac,
add,,user506,,A00000831,depts-mus-fac,
add,,user476,,A00016135,depts-mus-fac,
add,,user477,,B00187900,depts-mus-fac,
add,,user507,,A00011707,depts-mus-fac,
add,,user479,,B00619192,depts-mus-fac,
add,,user480,,B00723201,depts-mus-fac,
add,,user785ineo,,A00239471,depts-mus-fac,
add,,user482,,B00369908,depts-mus-fac,
add,,user483,,B00843720,depts-mus-fac,
add,,user484,,A00292367,depts-mus-fac,
add,,user485,,B00036767,depts-mus-fac,
add,,user508,,B00042668,depts-mus-fac,
add,,user487,,B00192670,depts-mus-fac,
add,,user509,,A00419044,depts-mus-fac,
add,,user489,,B00485295,depts-mus-fac,
add,,user512,,A00428629,depts-mus-fac,
add,,user513,,A00163063,depts-mus-fac,
add,,user492,,A00000902,depts-mus-fac,
add,,user515,,B00193219,depts-mus-fac,
add,,user516,,A00001772,depts-mus-fac,
add,,user495,,B00187391,depts-mus-fac,
add,,user496,,B00486071,depts-mus-fac,
add,,user497,,B00171861,depts-mus-fac,
add,,user498,,B00484678,depts-mus-staff,
add,,user499,,B00350799,depts-mus-staff,
add,,user500,,B00090957,depts-mus-staff,
add,,user501,,A00017452,depts-mus-staff,
add,,user502,,B00485294,depts-mus-staff,
add,,user503,,B00216577,depts-mus-staff,
add,,user504,,B00548213,depts-mus-staff,
add,,user505,,B00204591,depts-mus-staff,
add,,user506,,A00000831,depts-mus-staff,
add,,user507,,A00011707,depts-mus-staff,
add,,user508,,B00042668,depts-mus-staff,
add,,user509,,A00419044,depts-mus-staff,
add,,user1115,,B00413616,depts-mus-staff,
add,,user511,,B00215915,depts-mus-staff,
add,,user512,,A00428629,depts-mus-staff,
add,,user513,,A00163063,depts-mus-staff,
add,,user514,,B00701112,depts-mus-staff,
add,,user515,,B00193219,depts-mus-staff,
add,,user516,,A00001772,depts-mus-staff,
add,,user997,,B00037212,depts-nd-staff,
add,,user1493th,,A00426903,depts-nd-staff,
add,,user519,,B00428567,depts-nsm-fac,
add,,user1218,,B00490696,depts-nsm-fac,
add,,user1319,,B00484120,depts-nsm-fac,
add,,user522,,B00449388,depts-nsm-fac,
add,,user958,,B00722187,depts-nsm-fac,
add,,user524,,B00491112,depts-nsm-fac,
add,,user693,,B00191860,depts-nsm-fac,
add,,user969,,A00037366,depts-nsm-fac,
add,,user599,,B00336279,depts-nsm-fac,
add,,user1320,,B00149990,depts-nsm-fac,
add,,user1219,,B00205400,depts-nsm-fac,
add,,user694,,B00222444,depts-nsm-fac,
add,,user1321,,B00336880,depts-nsm-fac,
add,,user695,,B00489154,depts-nsm-fac,
add,,user1220,,B00487150,depts-nsm-fac,
add,,user696,,B00027237,depts-nsm-fac,
add,,user1322,,A00016110,depts-nsm-fac,
add,,user1323,,A00057353,depts-nsm-fac,
add,,user988,,B00367907,depts-nsm-fac,
add,,user697,,A00394241,depts-nsm-fac,
add,,user1324,,B00484115,depts-nsm-fac,
add,,user540,,B00673297,depts-nsm-fac,
add,,user1325,,B00450772,depts-nsm-fac,
add,,user1221,,B00011990,depts-nsm-fac,
add,,user1326,,B00250726,depts-nsm-fac,
add,,user698,,B00842848,depts-nsm-fac,
add,,user1327,,B00491080,depts-nsm-fac,
add,,user699,,A00013216,depts-nsm-fac,
add,,user700,,A00252118,depts-nsm-fac,
add,,user548,,A00013521,depts-nsm-fac,
add,,user1328,,B00350504,depts-nsm-fac,
add,,user1222,,B00867224,depts-nsm-fac,
add,,user1223,,B00262664,depts-nsm-fac,
add,,user1224,,B00388353,depts-nsm-fac,
add,,user553,,B00400125,depts-nsm-fac,
add,,user1329,,A00100838,depts-nsm-fac,
add,,user1225,,A00236757,depts-nsm-fac,
add,,user1030,,A00016281,depts-nsm-fac,
add,,user1330,,A00016114,depts-nsm-fac,
add,,user1226,,B00854086,depts-nsm-fac,
add,,user1227,,B00485165,depts-nsm-fac,
add,,user1228,,A00012948,depts-nsm-fac,
add,,user1331,,B00624140,depts-nsm-fac,
add,,user1332,,B00299187,depts-nsm-fac,
add,,user563,,B00489466,depts-nsm-fac,
add,,user564,,B00447966,depts-nsm-fac,
add,,lstyuser505,,B00451645,depts-nsm-fac,
add,,user1230,,A00483539,depts-nsm-fac,
add,,user702,,B00483658,depts-nsm-fac,
add,,user1067,,B00194523,depts-nsm-fac,
add,,user1333,,B00489483,depts-nsm-fac,
add,,user703,,B00491081,depts-nsm-fac,
add,,user703mmati,,B00489556,depts-nsm-fac,
add,,user703nderson,,B00896600,depts-nsm-fac,
add,,user601,,B00263139,depts-nsm-fac,
add,,user574,,B00489472,depts-nsm-fac,
add,,mschaluser505,,B00491118,depts-nsm-fac,
add,,user705,,B00269391,depts-nsm-fac,
add,,user706,,B00489488,depts-nsm-fac,
add,,user1231,,B00119490,depts-nsm-fac,
add,,user1335,,B00350579,depts-nsm-fac,
add,,user1232,,B00895984,depts-nsm-fac,
add,,user707,,A00483547,depts-nsm-fac,
add,,user1336,,A00435761,depts-nsm-fac,
add,,user1337,,A00093751,depts-nsm-fac,
add,,user584,,B00176369,depts-nsm-fac,
add,,user1233,,A00384876,depts-nsm-fac,
add,,user708,,B00812818,depts-nsm-fac,
add,,user1234,,B00368136,depts-nsm-fac,
add,,user588,,B00228903,depts-nsm-fac,
add,,user1338,,B00489493,depts-nsm-fac,
add,,user590,,A00384524,depts-nsm-fac,
add,,user591,,B00454254,depts-nsm-fac,
add,,user592,,A00447980,depts-nsm-fac,
add,,user1339,,B00489192,depts-nsm-staff,
add,,user988,,B00367907,depts-nsm-staff,
add,,user1003,,A00474369,depts-nsm-staff,
add,,user1235,,B00873186,depts-nsm-staff,
add,,user597,,B00489782,depts-nsm-staff,
add,,user710,,B00489375,depts-nsm-staff,
add,,user599,,B00336279,depts-nurs-fac,
add,,user988,,B00367907,depts-nurs-fac,
add,,user601,,B00263139,depts-nurs-fac,
add,,user1232,,B00895984,depts-nurs-fac,
add,,user988,,B00367907,depts-nurs-staff,
add,,user1073,,B00492893,depts-oia-staff,
add,,user605,,B00489664,depts-oia-staff,
add,,user1046,,B00401751,depts-oia-staff,
add,,user1061,,B00042481,depts-oia-staff,
add,,user1075,,B00386838,depts-oia-staff,
add,,user1085,,B00336882,depts-oia-staff,
add,,user1092,,B00488231,depts-oia-staff,
add,,user1103,,B00335901,depts-oia-staff,
add,,user612,,A00296854,depts-oia-staff,
add,,user950,,A00144986,depts-oia-staff,
add,,user963,,B00869494,depts-oia-staff,
add,,user973,,B00267733,depts-oia-staff,
add,,user616,,B00264921,depts-oia-staff,
add,,user989,,B00492457,depts-oia-staff,
add,,user1008,,B00262285,depts-oia-staff,
add,,user1023,,B00487219,depts-oia-staff,
add,,user620,,B00493079,depts-oia-staff,
add,,user1036,,A00413065,depts-oia-staff,
add,,user622,,A00429550,depts-osl-fac,
add,,user623,,B00493043,depts-osl-staff,
add,,user972,,B00727709,depts-osl-staff,
add,,user625,,B00492947,depts-osl-staff,
add,,user978,,B00487209,depts-osl-staff,
add,,user1007,,B00398022,depts-osl-staff,
add,,user628,,B00695844,depts-osl-staff,
add,,user1040,,B00490999,depts-osl-staff,
add,,user630,,B00673505,depts-osl-staff,
add,,user631,,B00487664,depts-osl-staff,
add,,user1091,,B00489311,depts-osl-staff,
add,,user1226,,B00854086,depts-phe-fac,
add,,user1235,,B00873186,depts-phe-staff,
add,,user635,,A00016017,depts-phil-fac,
add,,user636,,B00040622,depts-phil-fac,
add,,user1453,,B00216516,depts-phil-fac,
add,,user638,,B00040685,depts-phil-fac,
add,,user807,,B00184621,depts-phil-staff,
add,,user737,,B00491078,depts-ppol-fac,
add,,anuser310,,B00309668,depts-ppol-fac,
add,,user741,,B00478441,depts-ppol-fac,
add,,user746,,B00487153,depts-ppol-fac,
add,,user1245,,B00156973,depts-ppol-fac,
add,,user752,,B00486659,depts-ppol-fac,
add,,user808,,B00489002,depts-ppol-fac,
add,,user768,,B00295209,depts-ppol-fac,
add,,user770,,B00344712,depts-ppol-fac,
add,,user775,,B00491116,depts-ppol-fac,
add,,user703nderson,,B00896600,depts-ppol-fac,
add,,user792,,B00489492,depts-ppol-fac,
add,,user794,,B00348832,depts-ppol-fac,
add,,user795,,B00869232,depts-ppol-fac,
add,,user808,,B00489002,depts-ppol-staff,
add,,user1082,,A00016284,depts-pres-fac,
add,,user1096,,A00428876,depts-pres-fac,
add,,user657,,B00352495,depts-pres-staff,
add,,user658,,B00727311,depts-pres-staff,
add,,user659,,A00012612,depts-pres-staff,
add,,user975,,B00395515,depts-pres-staff,
add,,user981,,A00454913,depts-pres-staff,
add,,user1082,,A00016284,depts-pres-staff,
add,,user1083,,B00363341,depts-pres-staff,
add,,user1096,,A00428876,depts-pres-staff,
add,,user674,,B00206908,depts-prov-fac,
add,,user666,,B00411863,depts-prov-staff,
add,,user1019,,B00180852,depts-prov-staff,
add,,user668,,B00337447,depts-prov-staff,
add,,user669,,A00015138,depts-prov-staff,
add,,user670,,B00342322,depts-prov-staff,
add,,user671,,B00247194,depts-prov-staff,
add,,user672,,B00489750,depts-prov-staff,
add,,user1112,,B00349197,depts-prov-staff,
add,,user674,,B00206908,depts-prov-staff,
add,,user675,,B00491623,depts-prov-staff,
add,,user1129,,A00367181,depts-prov-staff,
add,,user677,,B00492833,depts-psaf-staff,
add,,user982,,B00455959,depts-psaf-staff,
add,,user679,,B00143886,depts-psaf-staff,
add,,user680,,B00158434,depts-psaf-staff,
add,,user681,,B00492637,depts-psaf-staff,
add,,user682,,B00363349,depts-psaf-staff,
add,,user683,,B00452401,depts-psaf-staff,
add,,user684,,B00484281,depts-psaf-staff,
add,,user1342,,B00304608,depts-psaf-staff,
add,,user686,,B00399850,depts-psaf-staff,
add,,user687,,B00481840,depts-psaf-staff,
add,,user688,,B00034919,depts-psaf-staff,
add,,user1086,,B00190153,depts-psaf-staff,
add,,user690,,B00238451,depts-psaf-staff,
add,,user691,,B00486750,depts-psaf-staff,
add,,user1288,,B00847616,depts-psaf-staff,
add,,user693,,B00191860,depts-psyc-fac,
add,,user694,,B00222444,depts-psyc-fac,
add,,user695,,B00489154,depts-psyc-fac,
add,,user696,,B00027237,depts-psyc-fac,
add,,user697,,A00394241,depts-psyc-fac,
add,,user698,,B00842848,depts-psyc-fac,
add,,user699,,A00013216,depts-psyc-fac,
add,,user700,,A00252118,depts-psyc-fac,
add,,user1030,,A00016281,depts-psyc-fac,
add,,user702,,B00483658,depts-psyc-fac,
add,,user703,,B00491081,depts-psyc-fac,
add,,mschaluser505,,B00491118,depts-psyc-fac,
add,,user705,,B00269391,depts-psyc-fac,
add,,user706,,B00489488,depts-psyc-fac,
add,,user707,,A00483547,depts-psyc-fac,
add,,user708,,B00812818,depts-psyc-fac,
add,,user1003,,A00474369,depts-psyc-staff,
add,,user710,,B00489375,depts-psyc-staff,
add,,user711,,B00849463,depts-rcl-staff,
add,,user712,,B00204698,depts-rcl-staff,
add,,user1341,,A00016555,depts-resd-staff,
add,,user1410slattery,,B00450934,depts-saw-staff,
add,,user739,,A00082590,depts-soan-fac,
add,,user743,,A00015841,depts-soan-fac,
add,,user744,,B00176097,depts-soan-fac,
add,,user749,,B00489537,depts-soan-fac,
add,,user751,,B00177308,depts-soan-fac,
add,,user754,,B00489583,depts-soan-fac,
add,,user757,,B00077054,depts-soan-fac,
add,,user758,,B00413917,depts-soan-fac,
add,,user1579,,B00369651,depts-soan-fac,
add,,user763,,B00379724,depts-soan-fac,
add,,user764,,B00491117,depts-soan-fac,
add,,user765,,A00058533,depts-soan-fac,
add,,user774,,B00848797,depts-soan-fac,
add,,user778,,B00040620,depts-soan-fac,
add,,user780,,B00491082,depts-soan-fac,
add,,user790,,A00015140,depts-soan-fac,
add,,user791,,B00487146,depts-soan-fac,
add,,user793,,B00400473,depts-soan-fac,
add,,user797,,B00412316,depts-soan-fac,
add,,user800,,A00016132,depts-soan-fac,
add,,user807,,B00184621,depts-soan-staff,
add,,user809,,B00491111,depts-soan-staff,
add,,user737,,B00491078,depts-sosc-fac,
add,,user738,,B00465303,depts-sosc-fac,
add,,user739,,A00082590,depts-sosc-fac,
add,,anuser310,,B00309668,depts-sosc-fac,
add,,user741,,B00478441,depts-sosc-fac,
add,,user742,,A00016104,depts-sosc-fac,
add,,user743,,A00015841,depts-sosc-fac,
add,,user744,,B00176097,depts-sosc-fac,
add,,user943,,B00491113,depts-sosc-fac,
add,,user746,,B00487153,depts-sosc-fac,
add,,user747,,A00430766,depts-sosc-fac,
add,,user1245,,B00156973,depts-sosc-fac,
add,,user749,,B00489537,depts-sosc-fac,
add,,user944,,B00489516,depts-sosc-fac,
add,,user751,,B00177308,depts-sosc-fac,
add,,user752,,B00486659,depts-sosc-fac,
add,,user1439,,A00196938,depts-sosc-fac,
add,,user754,,B00489583,depts-sosc-fac,
add,,user945,,A00412174,depts-sosc-fac,
add,,user756,,B00412321,depts-sosc-fac,
add,,user757,,B00077054,depts-sosc-fac,
add,,user758,,B00413917,depts-sosc-fac,
add,,user1579,,B00369651,depts-sosc-fac,
add,,user1440,,B00148321,depts-sosc-fac,
add,,user946,,B00840751,depts-sosc-fac,
add,,user762,,B00487155,depts-sosc-fac,
add,,user763,,B00379724,depts-sosc-fac,
add,,user764,,B00491117,depts-sosc-fac,
add,,user765,,A00058533,depts-sosc-fac,
add,,user766,,A00102062,depts-sosc-fac,
add,,user808,,B00489002,depts-sosc-fac,
add,,user768,,B00295209,depts-sosc-fac,
add,,user769,,B00487148,depts-sosc-fac,
add,,user770,,B00344712,depts-sosc-fac,
add,,user1441,,B00011604,depts-sosc-fac,
add,,user772,,B00088076,depts-sosc-fac,
add,,user1453,,B00216516,depts-sosc-fac,
add,,user774,,B00848797,depts-sosc-fac,
add,,user775,,B00491116,depts-sosc-fac,
add,,user1442,,B00723548,depts-sosc-fac,
add,,user703nderson,,B00896600,depts-sosc-fac,
add,,user778,,B00040620,depts-sosc-fac,
add,,user1082,,A00016284,depts-sosc-fac,
add,,user780,,B00491082,depts-sosc-fac,
add,,user1443,,A00016627,depts-sosc-fac,
add,,user1444,,B00310833,depts-sosc-fac,
add,,user783,,B00489553,depts-sosc-fac,
add,,user784,,B00489557,depts-sosc-fac,
add,,user785,,A00015145,depts-sosc-fac,
add,,user947,,B00326996,depts-sosc-fac,
add,,user787,,B00867227,depts-sosc-fac,
add,,user948,,A00288461,depts-sosc-fac,
add,,user1445,,B00312594,depts-sosc-fac,
add,,user790,,A00015140,depts-sosc-fac,
add,,user791,,B00487146,depts-sosc-fac,
add,,user792,,B00489492,depts-sosc-fac,
add,,user793,,B00400473,depts-sosc-fac,
add,,user794,,B00348832,depts-sosc-fac,
add,,user795,,B00869232,depts-sosc-fac,
add,,user949,,B00447804,depts-sosc-fac,
add,,user797,,B00412316,depts-sosc-fac,
add,,user1446,,A00398544,depts-sosc-fac,
add,,user1447,,B00241154,depts-sosc-fac,
add,,user800,,A00016132,depts-sosc-fac,
add,,user801,,B00489515,depts-sosc-fac,
add,,user802,,B00217285,depts-sosc-fac,
add,,user803,,B00848800,depts-sosc-fac,
add,,user1448,,B00867586,depts-sosc-fac,
add,,user1449,,B00489500,depts-sosc-fac,
add,,user1450,,B00489520,depts-sosc-staff,
add,,user807,,B00184621,depts-sosc-staff,
add,,user808,,B00489002,depts-sosc-staff,
add,,user809,,B00491111,depts-sosc-staff,
add,,user810,,A00444765,depts-span-fac,
add,,user811,,B00356874,depts-span-fac,
add,,user812,,A00016060,depts-span-fac,
add,,user813,,B00727772,depts-span-fac,
add,,user814,,A00023577,depts-span-fac,
add,,user1318,,A00444159,depts-span-fac,
add,,user816,,A00197931,depts-span-fac,
add,,user817,,B00225911,depts-tac-fac,
add,,user818,,B00488837,depts-tac-staff,
add,,user819,,B00367012,depts-tac-staff,
add,,user820,,B00492996,depts-tac-staff,
add,,user821,,B00488949,depts-tac-staff,
add,,user822,,B00491571,depts-tac-staff,
add,,user823,,B00488577,depts-tac-staff,
add,,user824,,B00492883,depts-tac-staff,
add,,user825,,B00452134,depts-tac-staff,
add,,user826,,B00488830,depts-tac-staff,
add,,user827,,B00492890,depts-tac-staff,
add,,user828,,B00488937,depts-tac-staff,
add,,user829,,B00411257,depts-tac-staff,
add,,user830,,B00493057,depts-tac-staff,
add,,user831,,B00493084,depts-tac-staff,
add,,user832,,B00492997,depts-tac-staff,
add,,user833,,B00489586,depts-tac-staff,
add,,user834,,B00489295,depts-tac-staff,
add,,user1037,,B00479766,depts-tac-staff,
add,,user836,,B00488364,depts-tac-staff,
add,,user837,,B00488944,depts-tac-staff,
add,,user838,,B00491787,depts-tac-staff,
add,,user839,,B00896132,depts-tac-staff,
add,,user840,,B00398586,depts-tac-staff,
add,,user841,,B00447057,depts-tac-staff,
add,,user842,,B00488943,depts-tac-staff,
add,,user843,,B00478304,depts-tac-staff,
add,,user844,,B00490438,depts-tac-staff,
add,,user845,,B00364720,depts-tac-staff,
add,,user846,,B00260339,depts-tac-staff,
add,,user847,,B00367003,depts-tac-staff,
add,,shiluser505land,,B00452203,depts-tac-staff,
add,,user849,,B00492785,depts-tac-staff,
add,,user850,,B00294279,depts-tac-staff,
add,,user851,,B00491786,depts-tac-staff,
add,,user1365,,B00251730,depts-tele-staff,
add,,user853,,B00447027,depts-trio-staff,
add,,angonzauser505,,B00398259,depts-trio-staff,
add,,user855,,B00489920,depts-trio-staff,
add,,user856,,B00446940,depts-trio-staff,
add,,user857,,B00488863,depts-trio-staff,
add,,user858,,B00490212,depts-trio-staff,
add,,user859,,B00488856,depts-trio-staff,
add,,user860,,B00398253,depts-trio-staff,
add,,user861,,B00276124,depts-trio-staff,
add,,user862,,B00488887,depts-trio-staff,
add,,user863,,B00407303,depts-trio-staff,
add,,user1573,,B00404709,depts-trio-staff,
add,,user865,,B00493021,depts-trio-staff,
add,,user866,,B00493001,depts-trio-staff,
add,,user867,,B00488995,depts-trio-staff,
add,,user868,,B00300500,depts-trio-staff,
add,,user869,,B00190479,depts-trio-staff,
add,,user870,,B00479777,depts-trio-staff,
add,,user871,,B00397499,depts-trio-staff,
add,,user872,,B00447026,depts-trio-staff,
add,,user873,,B00493000,depts-trio-staff,
add,,user874,,B00019196,depts-trio-staff,
add,,user1031,,B00397497,depts-trio-staff,
add,,user876,,B00492998,depts-trio-staff,
add,,user877,,B00408142,depts-trio-staff,
add,,user878,,B00488971,depts-trio-staff,
add,,user879,,B00479773,depts-trio-staff,
add,,user880,,B00488967,depts-trio-staff,
add,,user881,,B00398252,depts-trio-staff,
add,,user1056,,B00427581,depts-trio-staff,
add,,user883,,B00485863,depts-trio-staff,
add,,user884,,B00397501,depts-trio-staff,
add,,user885,,B00491528,depts-trio-staff,
add,,user886,,B00492999,depts-trio-staff,
add,,user887,,B00367162,depts-trio-staff,
add,,user888,,B00485865,depts-trio-staff,
add,,user1076,,B00264789,depts-trio-staff,
add,,user890,,B00492690,depts-trio-staff,
add,,user891,,B00415022,depts-trio-staff,
add,,user892,,B00488968,depts-trio-staff,
add,,user893,,B00488850,depts-trio-staff,
add,,user894,,B00370925,depts-trio-staff,
add,,user895,,B00235315,depts-trio-staff,
add,,user896,,B00489916,depts-trio-staff,
add,,user897,,B00488883,depts-trio-staff,
add,,user1087,,A00467210,depts-trio-staff,
add,,user899,,B00485930,depts-trio-staff,
add,,user900,,B00397498,depts-trio-staff,
add,,user901,,B00488960,depts-trio-staff,
add,,user902,,B00478980,depts-trio-staff,
add,,user903,,B00479001,depts-trio-staff,
add,,user904,,B00877684,depts-trio-staff,
add,,user905,,B00857564,depts-trio-staff,
add,,user906,,B00493010,depts-trio-staff,
add,,user907,,B00487363,depts-trio-staff,
add,,user908,,B00846973,depts-trio-staff,
add,,user909,,B00398257,depts-trio-staff,
add,,user910,,B00489915,depts-trio-staff,
add,,user911,,B00843781,depts-trio-staff,
add,,user912,,B00485866,depts-trio-staff,
add,,user913,,B00374818,depts-trio-staff,
add,,user914,,B00413064,depts-trio-staff,
add,,user915,,B00479010,depts-trio-staff,
add,,user916,,B00791164,depts-trio-staff,
add,,user917,,B00398251,depts-trio-staff,
add,,user918,,B00490142,depts-trio-staff,
add,,user953,,B00489575,depts-uga-staff,
add,,user956,,B00024939,depts-uga-staff,
add,,user974,,B00164983,depts-uga-staff,
add,,user922,,B00489822,depts-uga-staff,
add,,user923,,B00427524,depts-uga-staff,
add,,user924,,B00413566,depts-uga-staff,
add,,user1004,,B00183788,depts-uga-staff,
add,,user1009,,B00491526,depts-uga-staff,
add,,user927,,B00489637,depts-uga-staff,
add,,user1100,,B00489726,depts-uga-staff,
add,,user1101,,B00868390,depts-uga-staff,
add,,user1108,,B00453256,depts-uga-staff,
add,,user1117,,B00490186,depts-uga-staff,
add,,user932,,B00146005,depts-uga-staff,
add,,user1038,,A00084068,depts-vpft-staff,
add,,user1049,,B00313691,depts-vpft-staff,
add,,user935,,B00488952,depts-vpft-staff,
add,,user1069,,B00488785,depts-vpft-staff,
add,,user1083,,B00363341,depts-vpft-staff,
add,,user938,,B00043664,depts-vpft-staff,
add,,user1133,,B00297772,depts-vpft-staff,
add,,user940,,B00216020,depts-web-staff,
add,,user941,,B00205600,depts-web-staff,
add,,user1137,,A00457545,depts-web-staff,
add,,user943,,B00491113,depts-wmst-fac,
add,,user944,,B00489516,depts-wmst-fac,
add,,user945,,A00412174,depts-wmst-fac,
add,,user946,,B00840751,depts-wmst-fac,
add,,user947,,B00326996,depts-wmst-fac,
add,,user948,,A00288461,depts-wmst-fac,
add,,user949,,B00447804,depts-wmst-fac,
add,,user950,,A00144986,bannerusers,
add,,user1339,,B00489192,bannerusers,
add,,user952,,B00489914,bannerusers,
add,,user953,,B00489575,bannerusers,
add,,user1151,,B00449437,bannerusers,
add,,user955,,B00459290,bannerusers,
add,,user956,,B00024939,bannerusers,
add,,user957,,B00235370,bannerusers,
add,,user958,,B00722187,bannerusers,
add,,user1340,,B00489188,bannerusers,
add,,user1451,,B00228622,bannerusers,
add,,user961,,B00323162,bannerusers,
add,,auser1198,,B00491774,bannerusers,
add,,user963,,B00869494,bannerusers,
add,,user964,,A00402523,bannerusers,
add,,user1460,,A00367180,bannerusers,
add,,user966,,B00486876,bannerusers,
add,,user967,,B00369892,bannerusers,
add,,user1564,,B00040727,bannerusers,
add,,user969,,A00037366,bannerusers,
add,,user970,,B00397825,bannerusers,
add,,user1363,,B00228514,bannerusers,
add,,user972,,B00727709,bannerusers,
add,,user973,,B00267733,bannerusers,
add,,user974,,B00164983,bannerusers,
add,,user975,,B00395515,bannerusers,
add,,user1245,,B00156973,bannerusers,
add,,user977,,B00448366,bannerusers,
add,,user978,,B00487209,bannerusers,
add,,user979,,B00303351,bannerusers,
add,,user980,,B00877468,bannerusers,
add,,user981,,A00454913,bannerusers,
add,,user982,,B00455959,bannerusers,
add,,user1569,,B00189807,bannerusers,
add,,user984,,A00444029,bannerusers,
add,,user1323,,A00057353,bannerusers,
add,,user986,,A00394363,bannerusers,
add,,user1341,,A00016555,bannerusers,
add,,user988,,B00367907,bannerusers,
add,,user989,,B00492457,bannerusers,
add,,user990,,B00839067,bannerusers,
add,,user991,,B00490316,bannerusers,
add,,user992,,B00488966,bannerusers,
add,,user1480,,A00028428,bannerusers,
add,,user1365,,B00251730,bannerusers,
add,,user1361,,B00490367,bannerusers,
add,,user996,,B00424824,bannerusers,
add,,user997,,B00037212,bannerusers,
add,,user1450,,B00489520,bannerusers,
add,,user1574,,B00025005,bannerusers,
add,,user1344,,B00492458,bannerusers,
add,,user1001,,B00430073,bannerusers,
add,,user1002,,B00488667,bannerusers,
add,,user1003,,A00474369,bannerusers,
add,,user1004,,B00183788,bannerusers,
add,,user1576,,B00236082,bannerusers,
add,,user1577,,B00486462,bannerusers,
add,,user1007,,B00398022,bannerusers,
add,,user1008,,B00262285,bannerusers,
add,,user1009,,B00491526,bannerusers,
add,,user1578,,B00485137,bannerusers,
add,,user1011,,B00724418,bannerusers,
add,,user1285,,B00446061,bannerusers,
add,,user1211,,B00492403,bannerusers,
add,,user1158,,B00489780,bannerusers,
add,,user1277,,B00869429,bannerusers,
add,,user1346,,A00482964,bannerusers,
add,,user1017,,B00158014,bannerusers,
add,,user1018,,A00202532,bannerusers,
add,,user1019,,B00180852,bannerusers,
add,,user1020,,B00492691,bannerusers,
add,,user1021,,B00410119,bannerusers,
add,,user1022,,B00415704,bannerusers,
add,,user1023,,B00487219,bannerusers,
add,,user1024,,B00451234,bannerusers,
add,,user1235,,B00873186,bannerusers,
add,,user1495,,B00225397,bannerusers,
add,,user1027,,B00488169,bannerusers,
add,,user1583,,B00360230,bannerusers,
add,,user1329,,A00100838,bannerusers,
add,,user1030,,A00016281,bannerusers,
add,,user1031,,B00397497,bannerusers,
add,,user1032,,B00839795,bannerusers,
add,,user1033,,B00492975,bannerusers,
add,,user1034,,B00397009,bannerusers,
add,,user1584,,B00452498,bannerusers,
add,,user1036,,A00413065,bannerusers,
add,,user1037,,B00479766,bannerusers,
add,,user1038,,A00084068,bannerusers,
add,,user1304,,B00868609,bannerusers,
add,,user1040,,B00490999,bannerusers,
add,,user1371,,A00449050,bannerusers,
add,,user1347,,B00188480,bannerusers,
add,,user1348,,B00492974,bannerusers,
add,,user1286,,B00720468,bannerusers,
add,,user1278,,B00849031,bannerusers,
add,,user1046,,B00401751,bannerusers,
add,,user1367,,B00793689,bannerusers,
add,,user1349,,B00249064,bannerusers,
add,,user1049,,B00313691,bannerusers,
add,,user1050,,B00488443,bannerusers,
add,,user1368,,B00213511,bannerusers,
add,,user1239,,A00016121,bannerusers,
add,,user1053,,B00486171,bannerusers,
add,,user1305,,B00305857,bannerusers,
add,,user1055,,B00371174,bannerusers,
add,,user1056,,B00427581,bannerusers,
add,,user1510,,A00382698,bannerusers,
add,,user1058,,A00011712,bannerusers,
add,,user1511,,B00140106,bannerusers,
add,,user1167,,B00847115,bannerusers,
add,,user1061,,B00042481,bannerusers,
add,,user1062,,B00409091,bannerusers,
add,,user1230,,A00483539,bannerusers,
add,,user1064,,B00471181,bannerusers,
add,,user1342,,B00304608,bannerusers,
add,,user1066,,B00454144,bannerusers,
add,,user1067,,B00194523,bannerusers,
add,,user1068,,B00620063,bannerusers,
add,,user1069,,B00488785,bannerusers,
add,,user1308,,B00200479,bannerusers,
add,,user1071,,B00012082,bannerusers,
add,,user1072,,A00438820,bannerusers,
add,,user1073,,B00492893,bannerusers,
add,,user1074,,B00489888,bannerusers,
add,,user1075,,B00386838,bannerusers,
add,,user1076,,B00264789,bannerusers,
add,,user1350,,B00445776,bannerusers,
add,,user1199,,A00062082,bannerusers,
add,,user1146,,A00054872,bannerusers,
add,,user1372,,B00181995,bannerusers,
add,,user1393,,A00446749,bannerusers,
add,,user1082,,A00016284,bannerusers,
add,,user1083,,B00363341,bannerusers,
add,,user1084,,B00060920,bannerusers,
add,,user1085,,B00336882,bannerusers,
add,,user1086,,B00190153,bannerusers,
add,,user1087,,A00467210,bannerusers,
add,,user1593,,A00375852,bannerusers,
add,,user1172,,B00618951,bannerusers,
add,,user1090,,B00255768,bannerusers,
add,,user1091,,B00489311,bannerusers,
add,,user1092,,B00488231,bannerusers,
add,,user1093,,B00721144,bannerusers,
add,,user1094,,B00441392,bannerusers,
add,,user1533,,A00471060,bannerusers,
add,,user1096,,A00428876,bannerusers,
add,,rhuser1460,,B00397008,bannerusers,
add,,user1098,,B00488955,bannerusers,
add,,user1099,,B00487818,bannerusers,
add,,user1100,,B00489726,bannerusers,
add,,user1101,,B00868390,bannerusers,
add,,user1102,,B00314929,bannerusers,
add,,user1103,,B00335901,bannerusers,
add,,user1104,,B00894592,bannerusers,
add,,scastuser505cott,,B00489921,bannerusers,
add,,user1106,,B00485919,bannerusers,
add,,user1373,,B00487365,bannerusers,
add,,user1108,,B00453256,bannerusers,
add,,user1214,,B00298102,bannerusers,
add,,user1424,,B00263123,bannerusers,
add,,user1111,,B00039257,bannerusers,
add,,user1112,,B00349197,bannerusers,
add,,user1369,,B00475324,bannerusers,
add,,user1598,,B00142672,bannerusers,
add,,user1115,,B00413616,bannerusers,
add,,user1176,,B00367935,bannerusers,
add,,user1117,,B00490186,bannerusers,
add,,user1288,,B00847616,bannerusers,
add,,user1600,,B00490924,bannerusers,
add,,user1216,,B00295947,bannerusers,
add,,user1234,,B00368136,bannerusers,
add,,user1374,,B00488213,bannerusers,
add,,user1178,,B00489468,bannerusers,
add,,user1352,,B00721810,bannerusers,
add,,user1179,,A00063728,bannerusers,
add,,user1403,,B00451472,bannerusers,
add,,user1243,,B00250680,bannerusers,
add,,user1375,,B00147167,bannerusers,
add,,user1129,,A00367181,bannerusers,
add,,user1130,,B00333711,bannerusers,
add,,user1603,,B00184038,bannerusers,
add,,user1353,,B00490376,bannerusers,
add,,user1133,,B00297772,bannerusers,
add,,user1134,,B00385468,bannerusers,
add,,user1135,,B00249074,bannerusers,
add,,user1136,,B00490896,bannerusers,
add,,user1137,,A00457545,bannerusers,
add,,user1138,,A00295113,depts-aper-fac,
add,,user1139,,B00173641,depts-aper-fac,
add,,user1341,,A00016555,depts-aper-fac,
add,,user1141,,A00444844,depts-aper-fac,
add,,user1158,,B00489780,depts-aper-fac,
add,,user1143,,B00491120,depts-aper-fac,
add,,user1144,,B00352765,depts-aper-fac,
add,,user1145,,B00489596,depts-aper-fac,
add,,user1146,,A00054872,depts-aper-fac,
add,,user1147,,B00239818,depts-aper-fac,
add,,user1148,,A00481625,depts-aper-fac,
add,,user1149,,B00251337,depts-aper-fac,
add,,user1375,,B00147167,depts-aper-fac,
add,,user1151,,B00449437,depts-aper-staff,
add,,user1152,,B00369880,depts-aper-staff,
add,,user1153,,B00264861,depts-aper-staff,
add,,user1154,,B00489587,depts-aper-staff,
add,,user1155,,B00383674,depts-aper-staff,
add,,user1156,,B00488933,depts-aper-staff,
add,,user1157,,B00371659,depts-aper-staff,
add,,user1158,,B00489780,depts-aper-staff,
add,,user1159,,B00340219,depts-aper-staff,
add,,user1160,,B00866462,depts-aper-staff,
add,,user1161,,B00483226,depts-aper-staff,
add,,user1162,,B00488934,depts-aper-staff,
add,,user1163,,B00485924,depts-aper-staff,
add,,user1164,,B00337917,depts-aper-staff,
add,,user1165,,B00624287,depts-aper-staff,
add,,user1166,,B00489465,depts-aper-staff,
add,,user1167,,B00847115,depts-aper-staff,
add,,user1168,,B00487147,depts-aper-staff,
add,,user1169,,B00451311,depts-aper-staff,
add,,user1170,,B00039751,depts-aper-staff,
add,,user1171,,B00323254,depts-aper-staff,
add,,user1172,,B00618951,depts-aper-staff,
add,,rknowuser505,,B00485806,depts-aper-staff,
add,,user1174,,B00452279,depts-aper-staff,
add,,user1175,,B00489783,depts-aper-staff,
add,,user1176,,B00367935,depts-aper-staff,
add,,user1177,,B00357803,depts-aper-staff,
add,,user1178,,B00489468,depts-aper-staff,
add,,user1179,,A00063728,depts-aper-staff,
add,,user1180,,B00450025,depts-aper-staff,
add,,user1181,,B00489668,depts-aper-staff,
add,,user1182,,B00489665,depts-aper-staff,
add,,user1183,,B00352329,depts-arts-fac,
add,,user1184,,A00016119,depts-arts-fac,
add,,user1185,,B00025328,depts-arts-fac,
add,,user1186,,B00877177,depts-arts-fac,
add,,user1187,,B00276874,depts-arts-fac,
add,,user1188,,B00375688,depts-arts-fac,
add,,user1189,,B00431654,depts-arts-fac,
add,,user1190,,B00230714,depts-arts-fac,
add,,user1191,,A00410474,depts-arts-fac,
add,,user1192,,B00850070,depts-arts-fac,
add,,user1193,,A00427774,depts-arts-fac,
add,,user1194,,A00016006,depts-arts-fac,
add,,user1195,,B00266126,depts-arts-fac,
add,,user1196,,A00016130,depts-arts-fac,
add,,user1197,,B00367280,depts-arts-fac,
add,,user1198,,B00878878,depts-arts-fac,
add,,user1199,,A00062082,depts-arts-fac,
add,,user1200,,A00085991,depts-arts-fac,
add,,user1201,,B00369561,depts-arts-fac,
add,,user1202,,A00043825,depts-arts-fac,
add,,user1203,,A00367165,depts-arts-fac,
add,,user1204,,B00619252,depts-arts-fac,
add,,user1205,,B00878561,depts-arts-fac,
add,,user1206,,B00351189,depts-arts-fac,
add,,user1207,,B00384956,depts-arts-fac,
add,,user1208,,B00625737,depts-arts-fac,
add,,user1209,,B00482578,depts-arts-fac,
add,,user1210,,B00156460,depts-arts-staff,
add,,user1211,,B00492403,depts-arts-staff,
add,,user1212,,B00280112,depts-arts-staff,
add,,user1213,,B00233163,depts-arts-staff,
add,,user1214,,B00298102,depts-arts-staff,
add,,user1215,,B00252734,depts-ats-staff,
add,,user1216,,B00295947,depts-ats-staff,
add,,user1217,,B00489781,depts-ats-staff,
add,,user1218,,B00490696,depts-bio-fac,
add,,user1219,,B00205400,depts-bio-fac,
add,,user1220,,B00487150,depts-bio-fac,
add,,user1221,,B00011990,depts-bio-fac,
add,,user1222,,B00867224,depts-bio-fac,
add,,user1223,,B00262664,depts-bio-fac,
add,,user1224,,B00388353,depts-bio-fac,
add,,user1225,,A00236757,depts-bio-fac,
add,,user1226,,B00854086,depts-bio-fac,
add,,user1227,,B00485165,depts-bio-fac,
add,,user1228,,A00012948,depts-bio-fac,
add,,lstyuser505,,B00451645,depts-bio-fac,
add,,user1230,,A00483539,depts-bio-fac,
add,,user1231,,B00119490,depts-bio-fac,
add,,user1232,,B00895984,depts-bio-fac,
add,,user1233,,A00384876,depts-bio-fac,
add,,user1234,,B00368136,depts-bio-fac,
add,,user1235,,B00873186,depts-bio-staff,
add,,user1329,,A00100838,depts-bioc-fac,
add,,user1237,,A00275797,depts-book-fac,
add,,user1238,,B00291737,depts-book-fac,
add,,user1239,,A00016121,depts-book-fac,
add,,user1240,,B00296443,depts-book-staff,
add,,user1241,,B00378610,depts-book-staff,
add,,user1242,,B00486139,depts-book-staff,
add,,user1243,,B00250680,depts-book-staff,
add,,buser1311on,,B00489191,depts-bus-fac,
add,,user1245,,B00156973,depts-bus-fac,
add,,user1246,,B00170862,depts-bus-fac,
add,,user1247,,B00366297,depts-bus-fac,
add,,user1248,,B00379302,depts-bus-fac,
add,,user1249,,B00379714,depts-bus-fac,
add,,user1250,,B00034820,depts-bus-fac,
add,,user1251,,B00792555,depts-bus-fac,
add,,user1252,,B00876789,depts-bus-fac,
add,,user1253,,B00260923,depts-bus-fac,
add,,user1254,,B00400377,depts-bus-fac,
add,,user1588,,B00333060,depts-bus-fac,
add,,user1256,,B00619798,depts-bus-fac,
add,,user1257,,B00193807,depts-bus-fac,
add,,user1442,,B00723548,depts-bus-fac,
add,,user1259,,B00350770,depts-bus-fac,
add,,user1260,,A00072811,depts-bus-fac,
add,,user1444,,B00310833,depts-bus-fac,
add,,user1262,,B00484109,depts-bus-fac,
add,,user1263,,B00489536,depts-bus-fac,
add,,user1264,,B00812503,depts-bus-fac,
add,,user1265,,B00445581,depts-bus-fac,
add,,user1266,,B00489559,depts-bus-fac,
add,,user1267,,B00447237,depts-bus-fac,
add,,user1268,,B00792557,depts-bus-fac,
add,,user1269,,B00466228,depts-bus-staff,
add,,user1270,,B00451452,depts-bus-staff,
add,,buser1311on,,B00489191,depts-bus-staff,
add,,user1272,,B00445692,depts-bus-staff,
add,,user1273,,B00365210,depts-bus-staff,
add,,user1450,,B00489520,depts-bus-staff,
add,,user1275,,B00403210,depts-bus-staff,
add,,user1276,,B00370141,depts-bus-staff,
add,,user1277,,B00869429,depts-bus-staff,
add,,user1278,,B00849031,depts-bus-staff,
add,,user1279,,B00485258,depts-bus-staff,
add,,user1280,,B00673004,depts-bus-staff,
add,,user1281,,B00475188,depts-bus-staff,
add,,user1282,,B00428823,depts-bus-staff,
add,,user1283,,B00452529,depts-bus-staff,
add,,user1284,,B00473024,depts-bus-staff,
add,,user1285,,B00446061,depts-cctr-staff,
add,,user1286,,B00720468,depts-cctr-staff,
add,,user1287,,B00617096,depts-cctr-staff,
add,,user1288,,B00847616,depts-cctr-staff,
add,,user1340,,B00489188,depts-cevt-staff,
add,,user1290,,B00470492,depts-cevt-staff,
add,,user1291,,B00491588,depts-cevt-staff,
add,,user1292,,B00256936,depts-cf-staff,
add,,user1293,,B00491008,depts-cf-staff,
add,,user1294,,A00483419,depts-cf-staff,
add,,user1295,,A00446503,depts-cf-staff,
add,,user1296,,B00201505,depts-cf-staff,
add,,user1297,,B00225890,depts-cf-staff,
add,,user1298,,B00328720,depts-cf-staff,
add,,user1299,,B00441741,depts-cf-staff,
add,,user1300,,B00181279,depts-cf-staff,
add,,user1301,,B00873350,depts-cf-staff,
add,,user1302,,B00485903,depts-cf-staff,
add,,user1303,,B00225034,depts-cf-staff,
add,,user1304,,B00868609,depts-cf-staff,
add,,user1305,,B00305857,depts-cf-staff,
add,,user1306,,B00399261,depts-cf-staff,
add,,user1342,,B00304608,depts-cf-staff,
add,,user1308,,B00200479,depts-cf-staff,
add,,user1309,,B00364219,depts-cf-staff,
add,,user1310,,B00489260,depts-cf-staff,
add,,user1311,,B00201504,depts-cf-staff,
add,,user1312,,B00166589,depts-cf-staff,
add,,user1313,,A00483675,depts-cf-staff,
add,,user1314,,B00365260,depts-cf-staff,
add,,user1315,,A00483491,depts-cf-staff,
add,,user1451,,B00228622,depts-chns-fac,
add,,user1317,,B00392792,depts-chns-fac,
add,,user1318,,A00444159,depts-chns-fac,
add,,user1319,,B00484120,depts-chph-fac,
add,,user1320,,B00149990,depts-chph-fac,
add,,user1321,,B00336880,depts-chph-fac,
add,,user1322,,A00016110,depts-chph-fac,
add,,user1323,,A00057353,depts-chph-fac,
add,,user1324,,B00484115,depts-chph-fac,
add,,user1325,,B00450772,depts-chph-fac,
add,,user1326,,B00250726,depts-chph-fac,
add,,user1327,,B00491080,depts-chph-fac,
add,,user1328,,B00350504,depts-chph-fac,
add,,user1329,,A00100838,depts-chph-fac,
add,,user1330,,A00016114,depts-chph-fac,
add,,user1331,,B00624140,depts-chph-fac,
add,,user1332,,B00299187,depts-chph-fac,
add,,user1333,,B00489483,depts-chph-fac,
add,,user703mmati,,B00489556,depts-chph-fac,
add,,user1335,,B00350579,depts-chph-fac,
add,,user1336,,A00435761,depts-chph-fac,
add,,user1337,,A00093751,depts-chph-fac,
add,,user1338,,B00489493,depts-chph-fac,
add,,user1339,,B00489192,depts-chph-staff,
add,,user1340,,B00489188,depts-conf-staff,
add,,user1341,,A00016555,depts-conf-staff,
add,,user1342,,B00304608,depts-conf-staff,
add,,user1343,,B00378940,depts-conf-staff,
add,,user1344,,B00492458,depts-cont-staff,
add,,user1345,,B00492927,depts-cont-staff,
add,,user1346,,A00482964,depts-cont-staff,
add,,user1347,,B00188480,depts-cont-staff,
add,,user1348,,B00492974,depts-cont-staff,
add,,user1349,,B00249064,depts-cont-staff,
add,,user1350,,B00445776,depts-cont-staff,
add,,rhuser1460,,B00397008,depts-cont-staff,
add,,user1352,,B00721810,depts-cont-staff,
add,,user1353,,B00490376,depts-cont-staff,
add,,user1354,,B00489585,depts-cpsy-staff,
add,,user1355,,B00188404,depts-cpsy-staff,
add,,user1356,,B00836968,depts-cpsy-staff,
add,,user1357,,B00489561,depts-cpsy-staff,
add,,user1358,,B00626100,depts-cpsy-staff,
add,,user1359,,B00402402,depts-cpsy-staff,
add,,user1360,,B00489597,depts-cpsy-staff,
add,,user1361,,B00490367,depts-crel-staff,
add,,user1362,,B00308117,depts-crel-staff,
add,,user1363,,B00228514,depts-cs-staff,
add,,user1364,,B00342485,depts-cs-staff,
add,,user1365,,B00251730,depts-cs-staff,
add,,user1366,,A00017372,depts-cs-staff,
add,,user1367,,B00793689,depts-cs-staff,
add,,user1368,,B00213511,depts-cs-staff,
add,,user1369,,B00475324,depts-cs-staff,
add,,user1370,,B00012074,depts-csac-staff,
add,,user1371,,A00449050,depts-csac-staff,
add,,user1372,,B00181995,depts-csac-staff,
add,,user1373,,B00487365,depts-csac-staff,
add,,user1374,,B00488213,depts-csac-staff,
add,,user1375,,B00147167,depts-csac-staff,
add,,user1376,,B00367513,depts-csac-staff,
add,,gcouser505,,B00236616,depts-csch-fac,
add,,user1582,,A00435091,depts-csch-fac,
add,,user1592,,A00471687,depts-csch-fac,
add,,user1380,,B00363865,depts-csch-staff,
add,,user1381,,B00412925,depts-csch-staff,
add,,user1382,,B00480278,depts-csch-staff,
add,,user1383,,B00489299,depts-csch-staff,
add,,user1384,,B00010469,depts-csch-staff,
add,,user1385,,B00027364,depts-csch-staff,
add,,user1386,,B00297719,depts-csch-staff,
add,,gcouser505,,B00236616,depts-csch-staff,
add,,user1388,,B00183124,depts-csch-staff,
add,,user1493s,,B00226788,depts-csch-staff,
add,,user1390,,B00621343,depts-csch-staff,
add,,user1391,,B00264095,depts-csch-staff,
add,,user1582,,A00435091,depts-csch-staff,
add,,user1393,,A00446749,depts-csch-staff,
add,,user1592,,A00471687,depts-csch-staff,
add,,user1395,,B00314004,depts-csch-staff,
add,,user1396,,B00207744,depts-csch-staff,
add,,user1397,,B00377272,depts-csch-staff,
add,,user1398,,B00843975,depts-csch-staff,
add,,user1399,,B00265415,depts-csch-staff,
add,,user1400,,B00258785,depts-csch-staff,
add,,user1401,,B00792516,depts-csch-staff,
add,,user1543,,B00849689,depts-csch-staff,
add,,user1403,,B00451472,depts-csch-staff,
add,,user1404,,B00480277,depts-csch-staff,
add,,user1405,,B00039678,depts-csch-staff,
add,,user1406,,B00842546,depts-dnc-fac,
add,,user1407,,B00486185,depts-dnc-fac,
add,,user1408,,B00368182,depts-dnc-fac,
add,,user1409,,B00368134,depts-dnc-fac,
add,,user1410,,B00452236,depts-dnc-fac,
add,,user1411,,B00471015,depts-dnc-fac,
add,,user1412,,B00792484,depts-dnc-fac,
add,,user1413,,B00401953,depts-dnc-fac,
add,,user1414,,A00273598,depts-dnc-fac,
add,,user1415,,B00217705,depts-dnc-fac,
add,,user1416,,A00016111,depts-dnc-fac,
add,,user1417,,B00444154,depts-dnc-fac,
add,,user1432,,B00311690,depts-dnc-fac,
add,,user1419,,A00162588,depts-dnc-fac,
add,,user1420,,B00161711,depts-dnc-fac,
add,,user1421,,A00000605,depts-dnc-fac,
add,,user1422,,A00016035,depts-dnc-fac,
add,,user1423,,B00721937,depts-dnc-fac,
add,,user1424,,B00263123,depts-dnc-fac,
add,,user1425,,B00246243,depts-dnc-fac,
add,,user1437,,B00250822,depts-dnc-fac,
add,,user1427,,B00848454,depts-dnc-fac,
add,,user1428,,B00482461,depts-dnc-fac,
add,,user1429,,B00894281,depts-dnc-fac,
add,,user1430,,B00491784,depts-dnc-staff,
add,,user1431,,A00015528,depts-dnc-staff,
add,,user1432,,B00311690,depts-dnc-staff,
add,,user1433,,B00487210,depts-dnc-staff,
add,,user1434,,B00485292,depts-dnc-staff,
add,,user1435,,B00324554,depts-dnc-staff,
add,,user1436,,B00131971,depts-dnc-staff,
add,,user1437,,B00250822,depts-dnc-staff,
add,,user1438,,A00016116,depts-drma-fac,
add,,user1439,,A00196938,depts-econ-fac,
add,,user1440,,B00148321,depts-econ-fac,
add,,user1441,,B00011604,depts-econ-fac,
add,,user1442,,B00723548,depts-econ-fac,
add,,user1443,,A00016627,depts-econ-fac,
add,,user1444,,B00310833,depts-econ-fac,
add,,user1445,,B00312594,depts-econ-fac,
add,,user1446,,A00398544,depts-econ-fac,
add,,user1447,,B00241154,depts-econ-fac,
add,,user1448,,B00867586,depts-econ-fac,
add,,user1449,,B00489500,depts-econ-fac,
add,,user1450,,B00489520,depts-econ-staff,
add,,user1451,,B00228622,depts-edpol-fac,
add,,user1452,,B00144419,depts-edpol-fac,
add,,user1453,,B00216516,depts-edpol-fac,
add,,user1533,,A00471060,depts-edpol-fac,
add,,user1455,,A00093765,depts-edpol-fac,
add,,user1456,,B00183497,depts-educ-fac,
add,,user1457,,B00205517,depts-educ-fac,
add,,user1458,,B00465527,depts-educ-fac,
add,,user1459,,B00411437,depts-educ-fac,
add,,user1460,,A00367180,depts-educ-fac,
add,,user1461,,B00337431,depts-educ-fac,
add,,user1462,,B00482874,depts-educ-fac,
add,,user1463,,B00351169,depts-educ-fac,
add,,user1464,,B00489812,depts-educ-fac,
add,,user1465,,B00869417,depts-educ-fac,
add,,user1466,,B00181996,depts-educ-fac,
add,,user1467,,B00860051,depts-educ-fac,
add,,user1468,,B00451778,depts-educ-fac,
add,,user1469,,B00486809,depts-educ-fac,
add,,user1470,,B00889883,depts-educ-fac,
add,,user1471,,B00215519,depts-educ-fac,
add,,user1472,,B00724451,depts-educ-fac,
add,,ckyuser505,,B00394330,depts-educ-fac,
add,,user1474,,B00314138,depts-educ-fac,
add,,user1475,,B00841300,depts-educ-fac,
add,,user1476,,B00896556,depts-educ-fac,
add,,user1477,,B00365040,depts-educ-fac,
add,,user1570,,A00452599,depts-educ-fac,
add,,user1479,,B00012882,depts-educ-fac,
add,,user1480,,A00028428,depts-educ-fac,
add,,user1481,,B00260833,depts-educ-fac,
add,,user1482,,B00370009,depts-educ-fac,
add,,user1483,,B00146884,depts-educ-fac,
add,,user1484,,B00491119,depts-educ-fac,
add,,user1485,,A00016128,depts-educ-fac,
add,,user1486,,A00377055,depts-educ-fac,
add,,user1487,,B00451655,depts-educ-fac,
add,,user1488,,A00078509,depts-educ-fac,
add,,user1489,,B00230585,depts-educ-fac,
add,,user1490,,B00489513,depts-educ-fac,
add,,user1579,,B00369651,depts-educ-fac,
add,,user1492,,B00136754,depts-educ-fac,
add,,user1493,,A00016095,depts-educ-fac,
add,,user1494,,B00216069,depts-educ-fac,
add,,user1495,,B00225397,depts-educ-fac,
add,,user1582,,A00435091,depts-educ-fac,
add,,user1497,,B00248285,depts-educ-fac,
add,,user1498,,B00485634,depts-educ-fac,
add,,user1499,,B00430426,depts-educ-fac,
add,,user1500,,B00484729,depts-educ-fac,
add,,user1501,,B00410067,depts-educ-fac,
add,,user1502,,B00223971,depts-educ-fac,
add,,user1503,,B00489458,depts-educ-fac,
add,,user1588,,B00333060,depts-educ-fac,
add,,user1505,,B00268558,depts-educ-fac,
add,,user1506,,B00300757,depts-educ-fac,
add,,user1507,,B00895354,depts-educ-fac,
add,,user1508,,B00380292,depts-educ-fac,
add,,user1509,,B00841160,depts-educ-fac,
add,,user1510,,A00382698,depts-educ-fac,
add,,user1511,,B00140106,depts-educ-fac,
add,,user1512,,B00718605,depts-educ-fac,
add,,user1513,,B00839838,depts-educ-fac,
add,,user1514,,B00435548,depts-educ-fac,
add,,user1515,,B00202270,depts-educ-fac,
add,,user1516,,B00484602,depts-educ-fac,
add,,user1517,,B00001563,depts-educ-fac,
add,,user1518,,B00284703,depts-educ-fac,
add,,user1519,,B00485826,depts-educ-fac,
add,,user1520,,B00150544,depts-educ-fac,
add,,user1521,,B00247205,depts-educ-fac,
add,,user1522,,B00175322,depts-educ-fac,
add,,user1523,,B00877408,depts-educ-fac,
add,,user1592,,A00471687,depts-educ-fac,
add,,user1525,,A00093951,depts-educ-fac,
add,,user1526,,A00094665,depts-educ-fac,
add,,user1527,,B00482875,depts-educ-fac,
add,,user1528,,B00139141,depts-educ-fac,
add,,user1529,,B00140358,depts-educ-fac,
add,,user1530,,B00163597,depts-educ-fac,
add,,user1531,,A00471846,depts-educ-fac,
add,,user1532,,A00476240,depts-educ-fac,
add,,user1533,,A00471060,depts-educ-fac,
add,,user1534,,A00425021,depts-educ-fac,
add,,user1535,,B00724826,depts-educ-fac,
add,,user1536,,B00485293,depts-educ-fac,
add,,user1537,,B00451456,depts-educ-fac,
add,,user1538,,B00446223,depts-educ-fac,
add,,user1539,,B00548111,depts-educ-fac,
add,,user1597,,A00000878,depts-educ-fac,
add,,user1541,,A00457146,depts-educ-fac,
add,,user1542,,B00489691,depts-educ-fac,
add,,user1543,,B00849689,depts-educ-fac,
add,,user1544,,A00422449,depts-educ-fac,
add,,user1545,,B00171920,depts-educ-fac,
add,,user1546,,B00296457,depts-educ-fac,
add,,user1547,,B00160995,depts-educ-fac,
add,,user1548,,A00457615,depts-educ-fac,
add,,user1549,,B00849586,depts-educ-fac,
add,,user1550,,A00483162,depts-educ-fac,
add,,user1551,,B00843463,depts-educ-fac,
add,,user1552,,B00489814,depts-educ-fac,
add,,user1553,,A00482496,depts-educ-fac,
add,,user1554,,B00488064,depts-educ-fac,
add,,user1555,,B00849685,depts-educ-fac,
add,,user1556,,A00409768,depts-educ-fac,
add,,user1557,,B00259770,depts-educ-fac,
add,,user1558,,A00390093,depts-educ-staff,
add,,user1559,,B00489562,depts-educ-staff,
add,,user1560,,B00423640,depts-educ-staff,
add,,user1561,,B00335389,depts-educ-staff,
add,,user1562,,B00491621,depts-educ-staff,
add,,user1563,,B00849853,depts-educ-staff,
add,,user1564,,B00040727,depts-educ-staff,
add,,user1565,,B00362458,depts-educ-staff,
add,,user1566,,B00013927,depts-educ-staff,
add,,user1567,,B00229950,depts-educ-staff,
add,,user1568,,B00383726,depts-educ-staff,
add,,user1569,,B00189807,depts-educ-staff,
add,,user1570,,A00452599,depts-educ-staff,
add,,user1571,,B00189454,depts-educ-staff,
add,,user1572,,B00717629,depts-educ-staff,
add,,user1573,,B00404709,depts-educ-staff,
add,,user1574,,B00025005,depts-educ-staff,
add,,user1575,,B00025876,depts-educ-staff,
add,,user1576,,B00236082,depts-educ-staff,
add,,user1577,,B00486462,depts-educ-staff,
add,,user1578,,B00485137,depts-educ-staff,
add,,user1579,,B00369651,depts-educ-staff,
add,,user1580,,B00453567,depts-educ-staff,
add,,user1581,,B00291271,depts-educ-staff,
add,,user1582,,A00435091,depts-educ-staff,
add,,user1583,,B00360230,depts-educ-staff,
add,,user1584,,B00452498,depts-educ-staff,
add,,user1585,,B00489383,depts-educ-staff,
add,,user1586,,B00485928,depts-educ-staff,
add,,user1587,,B00430140,depts-educ-staff,
add,,user1588,,B00333060,depts-educ-staff,
add,,user1589,,B00217640,depts-educ-staff,
add,,user1590,,B00235801,depts-educ-staff,
add,,user1591,,B00089008,depts-educ-staff,
add,,user1592,,A00471687,depts-educ-staff,
add,,user1593,,A00375852,depts-educ-staff,
add,,user1594,,B00189952,depts-educ-staff,
add,,user1595,,B00364867,depts-educ-staff,
add,,user1596,,B00370069,depts-educ-staff,
add,,user1597,,A00000878,depts-educ-staff,
add,,user1598,,B00142672,depts-educ-staff,
add,,user1599,,B00258435,depts-educ-staff,
add,,user1600,,B00490924,depts-educ-staff,
add,,user1601,,B00481502,depts-educ-staff,
add,,user1602,,B00174041,depts-educ-staff,
add,,user1603,,B00184038,depts-educ-staff,
