_changetype,_CUSTOMER1_FISCHER_ROLES_VIEW.BANNER_ID,_CUSTOMER1_FISCHER_ROLES_VIEW.ROLE
add,A00000605,FACULTY
add,A00000714,GUEST
add,A00000831,FACULTY
add,A00000831,STAFF
add,A00000878,FACULTY
add,A00000878,STAFF
add,A00000902,FACULTY
add,A00001052,TRUSTEE
add,A00001125,GUEST
add,A00001772,FACULTY
add,A00001772,STAFF
add,A00002059,TRUSTEE
add,A00004728,FACULTY
add,A00011487,FACULTY
add,A00011707,FACULTY
add,A00011707,STAFF
add,A00011712,GUEST
add,A00011854,GUEST
add,A00012046,TRUSTEE
add,A00012612,STAFF
add,A00012668,TRUSTEE
add,A00012948,FACULTY
add,A00013146,FACULTY
add,A00013216,FACULTY
add,A00013521,FACULTY
add,A00014649,GUEST
add,A00015039,TRUSTEE
add,A00015129,FACULTY
add,A00015136,EMAILFORLIFE
add,A00015138,STAFF
add,A00015140,FACULTY
add,A00015145,FACULTY
add,A00015517,TRUSTEE
add,A00015528,STAFF
add,A00015571,TRUSTEE
add,A00015577,FACULTY
add,A00015761,STUDENT
add,A00015841,FACULTY
add,A00016006,FACULTY
add,A00016017,FACULTY
add,A00016022,FACULTY
add,A00016035,FACULTY
add,A00016060,FACULTY
add,A00016095,FACULTY
add,A00016102,EMAILFORLIFE
add,A00016104,FACULTY
add,A00016110,FACULTY
add,A00016111,FACULTY
add,A00016114,FACULTY
add,A00016116,FACULTY
add,A00016119,FACULTY
add,A00016121,FACULTY
add,A00016125,FACULTY
add,A00016128,FACULTY
add,A00016129,EMAILFORLIFE
add,A00016130,FACULTY
add,A00016132,FACULTY
add,A00016135,FACULTY
add,A00016281,FACULTY
add,A00016284,FACULTY
add,A00016284,STAFF
add,A00016531,FACULTY
add,A00016552,EMAILFORLIFE
add,A00016555,FACULTY
add,A00016555,STAFF
add,A00016627,FACULTY
add,A00017372,STAFF
add,A00017452,STAFF
add,A00017460,FACULTY
add,A00017911,FACULTY
add,A00017998,GUEST
add,A00021066,TRUSTEE
add,A00021146,TRUSTEE
add,A00021937,TRUSTEE
add,A00023577,FACULTY
add,A00025651,TRUSTEE
add,A00028428,FACULTY
add,A00028452,TRUSTEE
add,A00028708,TRUSTEE
add,B00010347,APPLICANT
add,B00010469,STAFF
add,B00011604,FACULTY
add,B00011957,TRUSTEE
add,B00011990,FACULTY
add,B00012074,STAFF
add,B00012082,STAFF
add,B00012710,APPLICANT
add,B00012710,STUDENT
add,B00012845,STUDENT
add,B00012882,FACULTY
add,B00012884,FACULTY
add,B00013528,STUDENT
add,A00032433,STUDENT
add,B00013927,STAFF
add,A00033056,TRUSTEE
add,B00014306,APPLICANT
add,B00014306,STUDENT
add,B00014668,APPLICANT
add,B00014668,STUDENT
add,B00014939,STUDENT
add,B00014960,STAFF
add,B00015792,STUDENT
add,A00035753,FACULTY
add,A00037366,FACULTY
add,B00019196,STAFF
add,A00043825,FACULTY
add,A00045783,FACULTY
add,A00046956,TRUSTEE
add,B00024939,STAFF
add,B00025005,STAFF
add,B00025328,FACULTY
add,B00025995,GUEST
add,B00027237,FACULTY
add,B00027364,STAFF
add,B00027865,FACULTY
add,B00029367,STUDENT
add,B00030509,GUEST
add,A00054872,FACULTY
add,A00056064,FACULTY
add,A00057353,FACULTY
add,A00058533,FACULTY
add,B00034820,FACULTY
add,B00034919,STAFF
add,B00036257,STUDENT
add,B00036767,FACULTY
add,A00062082,FACULTY
add,B00037212,STAFF
add,B00038429,APPLICANT
add,B00038429,STUDENT
add,A00063728,STAFF
add,B00039257,STAFF
add,B00039257,STUDENT
add,B00039387,GUEST
add,B00039388,GUEST
add,B00896600,FACULTY
add,B00039678,STAFF
add,B00039751,STAFF
add,B00040145,APPLICANT
add,B00040145,STUDENT
add,B00040620,FACULTY
add,B00040622,FACULTY
add,B00040685,FACULTY
add,B00040727,STAFF
add,B00040727,STUDENT
add,B00041072,FACULTY
add,B00041770,APPLICANT
add,B00041770,STUDENT
add,B00042481,STAFF
add,B00042668,FACULTY
add,B00042668,STAFF
add,B00043049,STUDENT
add,A00069254,TRUSTEE
add,B00043664,STAFF
add,B00043888,STUDENT
add,B00065854,STUDENT
add,B00065892,STUDENT
add,B00077054,FACULTY
add,A00072811,FACULTY
add,B00088383,STUDENT
add,B00089008,STAFF
add,B00089746,STAFF
add,B00092638,APPLICANT
add,B00092638,STUDENT
add,B00131971,STAFF
add,B00131971,STUDENT
add,B00138217,TRUSTEE
add,B00149990,FACULTY
add,A00078509,FACULTY
add,B00151201,STAFF
add,B00152140,STUDENT
add,B00152162,GUEST
add,B00156460,STAFF
add,B00158434,STAFF
add,B00161711,FACULTY
add,B00165787,STUDENT
add,A00082590,FACULTY
add,B00172939,STUDENT
add,B00173641,FACULTY
add,B00174041,STAFF
add,A00084068,STAFF
add,B00177438,STUDENT
add,A00085991,FACULTY
add,A00086625,FACULTY
add,B00193807,FACULTY
add,B00194523,FACULTY
add,A00088420,FACULTY
add,B00195275,STUDENT
add,B00197064,STUDENT
add,B00204698,STAFF
add,B00206908,FACULTY
add,B00206908,STAFF
add,A00091957,FACULTY
add,B00217449,STUDENT
add,B00217705,FACULTY
add,A00093751,FACULTY
add,A00093765,FACULTY
add,A00093951,FACULTY
add,B00233163,STAFF
add,B00238451,STAFF
add,B00239550,STUDENT
add,B00246243,FACULTY
add,B00246273,STUDENT
add,B00247194,STAFF
add,B00247205,FACULTY
add,A00099924,APPLICANT
add,B00252734,STAFF
add,B00252774,STUDENT
add,A00100838,FACULTY
add,A00101788,STAFF
add,B00259770,FACULTY
add,A00102062,FACULTY
add,B00260339,STAFF
add,A00103166,STUDENT
add,B00260923,FACULTY
add,B00261797,STUDENT
add,B00262285,STAFF
add,B00262664,FACULTY
add,B00263123,FACULTY
add,B00263139,FACULTY
add,B00263339,APPLICANT
add,B00263439,STUDENT
add,B00263766,TRUSTEE
add,B00263899,GUEST
add,B00263903,GUEST
add,B00263906,GUEST
add,B00264095,STAFF
add,B00264095,STUDENT
add,B00264660,APPLICANT
add,B00264734,FACULTY
add,B00264789,STAFF
add,B00264861,STAFF
add,B00264921,STAFF
add,B00265245,STUDENT
add,B00266126,FACULTY
add,B00266365,STUDENT
add,B00266438,APPLICANT
add,B00266438,STUDENT
add,B00266540,STUDENT
add,B00266749,GUEST
add,B00267358,STUDENT
add,B00267507,STUDENT
add,B00267562,GUEST
add,B00267683,GUEST
add,B00267733,STAFF
add,B00268558,FACULTY
add,B00268563,STUDENT
add,B00268666,GUEST
add,B00268668,GUEST
add,B00269391,FACULTY
add,B00274739,STUDENT
add,B00274874,STUDENT
add,B00274935,GUEST
add,B00275075,STUDENT
add,B00276124,STAFF
add,B00276874,FACULTY
add,B00278087,APPLICANT
add,B00278542,GUEST
add,B00278543,GUEST
add,B00278544,GUEST
add,B00278545,GUEST
add,B00278546,GUEST
add,B00278547,GUEST
add,B00278617,STUDENT
add,B00278835,APPLICANT
add,B00278835,STUDENT
add,B00279840,STUDENT
add,B00280112,STAFF
add,B00280739,STUDENT
add,B00282208,STUDENT
add,B00282586,STUDENT
add,B00283748,STUDENT
add,B00284423,APPLICANT
add,B00284452,APPLICANT
add,B00284452,STUDENT
add,B00284696,GUEST
add,B00284703,FACULTY
add,B00285044,STUDENT
add,B00285772,APPLICANT
add,B00285772,STUDENT
add,B00285802,APPLICANT
add,B00287395,GUEST
add,B00288058,STUDENT
add,B00288490,STUDENT
add,B00288809,APPLICANT
add,B00289527,STUDENT
add,B00290286,STUDENT
add,B00291271,STAFF
add,B00291737,FACULTY
add,B00292803,STUDENT
add,B00293602,STUDENT
add,B00295209,FACULTY
add,B00295224,STUDENT
add,B00295380,APPLICANT
add,B00295380,STUDENT
add,B00295823,GUEST
add,B00295889,STUDENT
add,B00295932,STAFF
add,B00295947,STAFF
add,B00296249,GUEST
add,B00296443,STAFF
add,B00296457,FACULTY
add,B00296644,APPLICANT
add,B00296644,STUDENT
add,B00297113,GUEST
add,B00297719,STAFF
add,B00297772,STAFF
add,B00297808,APPLICANT
add,B00297808,STUDENT
add,B00298102,STAFF
add,B00298191,STUDENT
add,B00298497,FACULTY
add,B00298723,STUDENT
add,B00298750,FACULTY
add,B00299187,FACULTY
add,B00300183,STUDENT
add,B00300333,STAFF
add,B00300363,STUDENT
add,B00300372,GUEST
add,B00300373,GUEST
add,B00300500,STAFF
add,B00300757,FACULTY
add,B00301072,STUDENT
add,A00144986,STAFF
add,B00302709,STUDENT
add,B00302812,GUEST
add,B00303351,APPLICANT
add,B00303351,STAFF
add,B00303351,STUDENT
add,B00303459,GUEST
add,B00303615,STUDENT
add,B00304165,GUEST
add,B00304393,STUDENT
add,B00304608,STAFF
add,B00304947,STUDENT
add,B00304956,STUDENT
add,B00305467,STUDENT
add,B00305857,STAFF
add,B00305954,STAFF
add,B00306568,GUEST
add,B00306569,GUEST
add,B00306655,STUDENT
add,B00306690,GUEST
add,B00307174,STUDENT
add,B00307330,STUDENT
add,B00308117,STAFF
add,B00308174,STUDENT
add,B00308597,STAFF
add,B00308855,STUDENT
add,B00309668,FACULTY
add,B00310833,FACULTY
add,B00311274,APPLICANT
add,B00311274,STUDENT
add,B00311690,FACULTY
add,B00311690,STAFF
add,B00312055,STUDENT
add,B00312578,STUDENT
add,B00312594,FACULTY
add,B00312728,STUDENT
add,B00313691,STAFF
add,B00314000,STUDENT
add,B00314004,STAFF
add,B00314138,FACULTY
add,B00314324,STUDENT
add,B00314824,APPLICANT
add,B00315718,STUDENT
add,B00317011,GUEST
add,A00162588,FACULTY
add,B00318447,STUDENT
add,A00163063,FACULTY
add,A00163063,STAFF
add,B00318792,APPLICANT
add,B00319454,STUDENT
add,B00321950,STUDENT
add,B00323254,STAFF
add,B00323254,STUDENT
add,B00323494,STUDENT
add,B00324554,STAFF
add,B00326008,APPLICANT
add,B00326008,STUDENT
add,B00326020,FACULTY
add,B00326045,STUDENT
add,B00326996,FACULTY
add,B00327535,STUDENT
add,B00328381,GUEST
add,B00328720,STAFF
add,B00329364,STUDENT
add,B00330281,STUDENT
add,B00330340,STUDENT
add,B00331701,STUDENT
add,B00332094,STAFF
add,B00333027,STUDENT
add,B00333043,STUDENT
add,B00333060,FACULTY
add,B00333060,STAFF
add,B00333436,GUEST
add,B00333437,GUEST
add,B00333711,STAFF
add,B00334363,STUDENT
add,B00334905,STUDENT
add,B00335389,STAFF
add,B00335901,STAFF
add,B00336129,STUDENT
add,B00336147,STUDENT
add,B00336279,FACULTY
add,B00336880,FACULTY
add,B00336882,STAFF
add,B00337001,STUDENT
add,B00337258,GUEST
add,B00337373,STUDENT
add,B00337408,STUDENT
add,B00337430,FACULTY
add,B00337431,FACULTY
add,B00337447,STAFF
add,B00337639,STUDENT
add,B00337902,GUEST
add,B00337903,GUEST
add,B00337904,GUEST
add,B00337917,STAFF
add,B00337976,STUDENT
add,B00338332,APPLICANT
add,B00338340,GUEST
add,B00338379,GUEST
add,B00338447,GUEST
add,B00338918,STUDENT
add,B00339298,STUDENT
add,B00339390,APPLICANT
add,B00339390,STUDENT
add,B00339856,STUDENT
add,B00339935,STAFF
add,B00340039,STUDENT
add,B00340074,GUEST
add,B00340097,STUDENT
add,B00340219,STAFF
add,B00340219,STUDENT
add,B00342322,STAFF
add,B00342322,STUDENT
add,B00342351,APPLICANT
add,B00342351,STUDENT
add,B00342386,STUDENT
add,B00342411,APPLICANT
add,B00342411,STUDENT
add,B00343152,STUDENT
add,B00344020,STUDENT
add,B00344083,STUDENT
add,B00344545,STUDENT
add,B00344641,APPLICANT
add,B00344712,FACULTY
add,B00346153,STUDENT
add,B00346723,STUDENT
add,B00347466,FACULTY
add,B00347636,STUDENT
add,B00347892,GUEST
add,B00347903,GUEST
add,B00347904,GUEST
add,B00347905,GUEST
add,B00347906,GUEST
add,B00347907,GUEST
add,B00348814,FACULTY
add,B00348820,STUDENT
add,B00348832,FACULTY
add,B00349164,APPLICANT
add,B00349197,STAFF
add,B00350398,STUDENT
add,B00350504,FACULTY
add,B00350579,FACULTY
add,B00350770,FACULTY
add,B00350771,FACULTY
add,B00350799,STAFF
add,B00351079,STUDENT
add,B00351169,FACULTY
add,B00351189,FACULTY
add,B00351660,GUEST
add,B00351744,TRUSTEE
add,B00351941,STUDENT
add,B00352117,STUDENT
add,B00352157,GUEST
add,B00352177,APPLICANT
add,B00352329,FACULTY
add,B00352495,STAFF
add,B00352563,APPLICANT
add,B00352563,STUDENT
add,A00196938,FACULTY
add,B00352765,FACULTY
add,A00197931,FACULTY
add,B00354292,APPLICANT
add,B00354914,APPLICANT
add,B00354914,STUDENT
add,B00355455,STUDENT
add,B00355569,STUDENT
add,B00356041,APPLICANT
add,B00356041,STUDENT
add,B00356208,APPLICANT
add,B00356208,STUDENT
add,B00356347,STUDENT
add,B00356593,STUDENT
add,B00356741,STUDENT
add,B00356874,FACULTY
add,B00357280,STUDENT
add,A00202532,FACULTY
add,A00202532,STAFF
add,B00357803,STAFF
add,B00360230,STAFF
add,B00360834,STUDENT
add,B00361093,STUDENT
add,B00361239,GUEST
add,B00361373,STUDENT
add,B00362424,STUDENT
add,B00362458,STAFF
add,B00362502,STUDENT
add,B00362861,STUDENT
add,B00362980,STUDENT
add,B00363132,STUDENT
add,B00363341,STAFF
add,B00363343,STUDENT
add,B00363349,STAFF
add,B00363368,APPLICANT
add,B00363368,STUDENT
add,B00363529,STUDENT
add,B00363533,STUDENT
add,B00363865,STAFF
add,B00364150,STUDENT
add,B00364180,STUDENT
add,B00364219,STAFF
add,B00364509,APPLICANT
add,B00364509,STUDENT
add,B00364720,STAFF
add,B00364846,STUDENT
add,B00364852,STUDENT
add,B00364867,STAFF
add,B00364867,STUDENT
add,B00365040,FACULTY
add,B00365047,GUEST
add,B00365090,STUDENT
add,B00365210,STAFF
add,B00365214,STUDENT
add,B00365238,STUDENT
add,B00365260,STAFF
add,B00365340,STUDENT
add,B00365491,GUEST
add,B00365694,STUDENT
add,B00365848,GUEST
add,B00365997,STUDENT
add,B00366297,FACULTY
add,B00366545,STUDENT
add,B00366719,APPLICANT
add,B00366719,STUDENT
add,B00366730,STUDENT
add,B00366790,STUDENT
add,B00367003,STAFF
add,B00367012,STAFF
add,B00367075,STUDENT
add,B00367162,STAFF
add,B00367280,FACULTY
add,B00367382,STUDENT
add,B00367442,STUDENT
add,B00367513,STAFF
add,B00367658,STUDENT
add,B00367700,GUEST
add,B00367770,STUDENT
add,B00367839,STUDENT
add,B00367886,STUDENT
add,B00367907,FACULTY
add,B00367907,STAFF
add,B00367935,STAFF
add,B00367949,STUDENT
add,B00368134,FACULTY
add,B00368136,FACULTY
add,B00368181,FACULTY
add,B00368182,FACULTY
add,B00368231,APPLICANT
add,B00368398,STUDENT
add,B00368423,APPLICANT
add,B00368423,STUDENT
add,B00369052,GUEST
add,B00369272,STUDENT
add,B00369330,STUDENT
add,B00369371,STUDENT
add,B00369561,FACULTY
add,B00369624,STUDENT
add,B00369651,FACULTY
add,B00369651,STAFF
add,B00369696,APPLICANT
add,B00369696,STUDENT
add,B00369739,GUEST
add,B00369758,STAFF
add,B00369875,GUEST
add,B00369877,GUEST
add,B00369878,GUEST
add,B00369880,STAFF
add,B00369892,STAFF
add,B00369892,STUDENT
add,B00369896,APPLICANT
add,B00369896,STUDENT
add,B00369908,FACULTY
add,B00370009,FACULTY
add,B00370060,STUDENT
add,B00370069,STUDENT
add,B00370113,STUDENT
add,B00370141,STAFF
add,B00370380,STUDENT
add,B00370578,STAFF
add,B00370735,GUEST
add,B00370769,STUDENT
add,B00370925,STAFF
add,B00371173,STUDENT
add,B00371174,STAFF
add,B00371174,STUDENT
add,B00371378,STUDENT
add,B00371626,STUDENT
add,B00371659,STAFF
add,B00372227,APPLICANT
add,B00372227,STUDENT
add,B00372646,STUDENT
add,B00372724,GUEST
add,B00372740,STUDENT
add,B00372835,STUDENT
add,B00372864,STUDENT
add,B00373205,STUDENT
add,B00373265,STUDENT
add,B00373414,STUDENT
add,B00373766,STUDENT
add,B00374024,APPLICANT
add,B00374024,STUDENT
add,B00374077,STUDENT
add,B00374138,STUDENT
add,B00374185,STUDENT
add,B00374228,APPLICANT
add,B00374263,APPLICANT
add,B00374263,STUDENT
add,B00374365,STUDENT
add,B00374680,STUDENT
add,B00374726,STUDENT
add,B00374805,APPLICANT
add,B00374805,STUDENT
add,B00374818,STAFF
add,B00374889,GUEST
add,B00374928,STUDENT
add,B00375228,STUDENT
add,B00375322,STUDENT
add,B00375435,STUDENT
add,B00375455,TRUSTEE
add,B00375477,STUDENT
add,B00375570,APPLICANT
add,B00375570,STUDENT
add,B00375688,FACULTY
add,B00375736,STUDENT
add,B00376065,STUDENT
add,B00376576,STUDENT
add,B00377045,STUDENT
add,B00377272,STAFF
add,B00377343,APPLICANT
add,B00377343,STUDENT
add,B00377403,STUDENT
add,B00377553,STUDENT
add,B00377870,STUDENT
add,B00378076,APPLICANT
add,B00378076,STUDENT
add,B00378153,STUDENT
add,B00378297,STUDENT
add,B00378610,STAFF
add,B00378679,STUDENT
add,B00378740,STUDENT
add,B00378861,STUDENT
add,B00378878,STUDENT
add,B00378894,STUDENT
add,B00378940,STAFF
add,B00379232,STUDENT
add,B00379302,APPLICANT
add,B00379302,FACULTY
add,B00379302,STUDENT
add,B00379333,GUEST
add,B00379387,STUDENT
add,B00379400,STUDENT
add,B00379477,APPLICANT
add,B00379477,STUDENT
add,B00379512,STUDENT
add,B00379608,STUDENT
add,B00379695,STUDENT
add,B00379714,FACULTY
add,B00379724,FACULTY
add,B00379808,APPLICANT
add,B00380244,STUDENT
add,B00380258,STUDENT
add,B00380292,FACULTY
add,B00380292,STUDENT
add,B00380394,STUDENT
add,B00380404,GUEST
add,B00380621,STUDENT
add,B00380851,STUDENT
add,B00380877,STUDENT
add,B00380882,STUDENT
add,B00381022,APPLICANT
add,B00381022,STUDENT
add,B00381203,STUDENT
add,B00381384,STUDENT
add,B00381680,STUDENT
add,B00381776,STUDENT
add,B00382094,STUDENT
add,B00382170,STUDENT
add,B00382953,STUDENT
add,B00383494,STUDENT
add,B00383553,STUDENT
add,B00383674,STAFF
add,B00383726,STUDENT
add,B00383744,FACULTY
add,B00384145,STUDENT
add,B00384541,APPLICANT
add,B00384541,STUDENT
add,B00384956,FACULTY
add,B00384957,APPLICANT
add,B00384957,STUDENT
add,B00385106,GUEST
add,B00385116,STUDENT
add,B00385468,STAFF
add,B00386825,STUDENT
add,B00387263,STUDENT
add,B00387826,STUDENT
add,B00388353,FACULTY
add,B00388760,STUDENT
add,B00389361,STUDENT
add,B00389678,STUDENT
add,B00389802,STUDENT
add,B00390085,STUDENT
add,B00390301,APPLICANT
add,B00390301,STUDENT
add,B00390729,STUDENT
add,B00390777,STUDENT
add,B00390795,STUDENT
add,B00390852,STUDENT
add,B00391647,STUDENT
add,B00391931,STUDENT
add,B00392028,STUDENT
add,B00392124,APPLICANT
add,B00392576,STUDENT
add,A00236757,FACULTY
add,B00392792,FACULTY
add,B00393035,STUDENT
add,B00393367,STUDENT
add,B00393628,STUDENT
add,B00393674,STUDENT
add,B00394216,STUDENT
add,B00394330,FACULTY
add,B00394516,APPLICANT
add,B00394516,STUDENT
add,B00394617,APPLICANT
add,B00394617,STUDENT
add,B00394876,STUDENT
add,B00395009,STUDENT
add,B00395224,APPLICANT
add,B00395224,STUDENT
add,B00395504,STUDENT
add,B00395515,STAFF
add,A00239471,FACULTY
add,B00395971,STUDENT
add,B00395974,STUDENT
add,B00396229,STUDENT
add,B00396231,STUDENT
add,B00396401,STUDENT
add,B00397008,STAFF
add,B00397009,STAFF
add,B00397166,STUDENT
add,B00397172,STUDENT
add,B00397187,STUDENT
add,B00397297,STUDENT
add,B00397374,APPLICANT
add,B00397448,STUDENT
add,B00397467,STUDENT
add,B00397497,STAFF
add,B00397498,STAFF
add,B00397499,STAFF
add,B00397501,STAFF
add,B00397825,STAFF
add,B00397999,GUEST
add,B00398022,STAFF
add,B00398077,STUDENT
add,B00398104,APPLICANT
add,B00398104,STUDENT
add,B00398251,STAFF
add,B00398252,STAFF
add,B00398253,STAFF
add,B00398257,STAFF
add,B00398259,STAFF
add,B00398287,STUDENT
add,B00398586,STAFF
add,B00398603,STUDENT
add,B00398645,GUEST
add,B00398676,STUDENT
add,B00398700,STUDENT
add,B00399235,STUDENT
add,B00399261,STAFF
add,B00399274,STUDENT
add,B00399427,STUDENT
add,B00399476,STUDENT
add,B00399804,STUDENT
add,B00399850,STAFF
add,B00399856,STAFF
add,B00399878,STUDENT
add,B00400125,FACULTY
add,B00400129,GUEST
add,B00400377,FACULTY
add,B00400390,APPLICANT
add,B00400390,STUDENT
add,B00400473,FACULTY
add,B00400477,FACULTY
add,B00400696,STUDENT
add,B00400755,APPLICANT
add,B00400755,STUDENT
add,B00401333,STUDENT
add,B00401539,STUDENT
add,B00401657,STUDENT
add,B00401687,STUDENT
add,B00401751,STAFF
add,B00401914,STUDENT
add,B00401953,FACULTY
add,B00401976,APPLICANT
add,B00401976,STUDENT
add,B00402239,STUDENT
add,B00402383,STUDENT
add,B00402402,STAFF
add,B00402406,APPLICANT
add,B00402406,STUDENT
add,B00402456,STUDENT
add,B00402531,STUDENT
add,B00402694,STUDENT
add,B00402780,STUDENT
add,B00402781,APPLICANT
add,B00403023,STUDENT
add,B00403027,STUDENT
add,B00403140,STUDENT
add,B00403210,STAFF
add,B00403217,STUDENT
add,B00403220,STUDENT
add,B00403537,STUDENT
add,B00403634,STUDENT
add,B00403773,STUDENT
add,B00403875,STUDENT
add,B00403907,STUDENT
add,B00403962,STUDENT
add,B00404118,STUDENT
add,B00404209,APPLICANT
add,B00404209,STUDENT
add,B00404251,STUDENT
add,B00404447,STUDENT
add,B00404516,STUDENT
add,B00404591,STUDENT
add,B00404607,GUEST
add,B00404675,STUDENT
add,B00404709,STAFF
add,B00404715,STUDENT
add,B00404819,STUDENT
add,B00404897,STUDENT
add,A00248295,FACULTY
add,B00405172,STUDENT
add,B00405185,STUDENT
add,B00405284,STUDENT
add,B00405423,STUDENT
add,B00405455,APPLICANT
add,B00405615,STUDENT
add,B00405663,STUDENT
add,B00405767,STUDENT
add,B00406230,STUDENT
add,B00406306,STUDENT
add,B00406416,STUDENT
add,B00406538,STUDENT
add,B00406615,STUDENT
add,B00406722,APPLICANT
add,B00406722,STUDENT
add,B00406794,STUDENT
add,B00406970,STUDENT
add,B00407195,APPLICANT
add,B00407195,STUDENT
add,B00407214,STUDENT
add,B00407246,STUDENT
add,B00407303,STAFF
add,B00407444,STUDENT
add,B00407610,STUDENT
add,B00407893,STUDENT
add,B00407905,STUDENT
add,B00407993,STUDENT
add,B00407994,FACULTY
add,B00408057,STUDENT
add,B00408122,STUDENT
add,B00408142,STAFF
add,B00408177,TRUSTEE
add,B00408718,STUDENT
add,B00408774,STUDENT
add,B00408777,STUDENT
add,B00408849,STUDENT
add,B00408878,STUDENT
add,B00408889,STUDENT
add,B00408914,STUDENT
add,A00252118,FACULTY
add,B00409165,APPLICANT
add,B00409686,STAFF
add,B00409790,STUDENT
add,B00410059,APPLICANT
add,B00410059,STUDENT
add,B00410062,FACULTY
add,B00410067,FACULTY
add,B00410119,STUDENT
add,B00410261,STUDENT
add,B00410555,STUDENT
add,B00410568,STUDENT
add,B00410730,APPLICANT
add,B00410775,APPLICANT
add,B00410780,STUDENT
add,B00411020,STUDENT
add,B00411257,STAFF
add,B00411437,FACULTY
add,B00411513,STUDENT
add,B00411519,STUDENT
add,B00411524,STUDENT
add,B00411863,STAFF
add,B00412316,FACULTY
add,B00412321,FACULTY
add,B00412377,STUDENT
add,B00412518,STUDENT
add,B00412833,STUDENT
add,B00412866,STUDENT
add,B00412868,STUDENT
add,B00412874,STUDENT
add,B00412883,STUDENT
add,B00412897,STUDENT
add,B00412925,STAFF
add,B00412974,STUDENT
add,B00413064,STAFF
add,B00413163,STUDENT
add,B00413194,STUDENT
add,B00413566,STAFF
add,B00413605,STUDENT
add,B00413606,STUDENT
add,B00413609,STUDENT
add,B00413616,STAFF
add,B00413661,STUDENT
add,B00413685,STUDENT
add,B00413686,STUDENT
add,B00413778,STUDENT
add,B00413895,FACULTY
add,B00413914,STUDENT
add,B00413917,FACULTY
add,B00414025,STUDENT
add,B00414930,APPLICANT
add,B00414930,STUDENT
add,B00415018,STUDENT
add,B00415022,STAFF
add,B00415207,STUDENT
add,B00415550,STUDENT
add,B00416179,STUDENT
add,B00416710,STUDENT
add,B00417100,STUDENT
add,B00417136,STUDENT
add,B00417188,STUDENT
add,B00417368,STUDENT
add,B00417637,STUDENT
add,B00417794,STUDENT
add,B00418889,STUDENT
add,B00419073,STUDENT
add,B00419642,APPLICANT
add,B00419642,STUDENT
add,B00419883,STUDENT
add,B00419896,STUDENT
add,B00419898,STUDENT
add,B00419900,STUDENT
add,B00419981,STUDENT
add,B00420016,STUDENT
add,B00420054,APPLICANT
add,B00420054,STUDENT
add,B00420507,STUDENT
add,B00420593,APPLICANT
add,B00420593,STUDENT
add,B00420625,STUDENT
add,B00420671,STUDENT
add,B00420689,APPLICANT
add,B00420689,STUDENT
add,B00420796,STUDENT
add,B00420944,STUDENT
add,B00421034,STUDENT
add,B00421056,STUDENT
add,B00421296,APPLICANT
add,B00421296,STUDENT
add,B00421326,STUDENT
add,B00421748,STUDENT
add,B00423089,APPLICANT
add,B00423089,STUDENT
add,B00423469,APPLICANT
add,B00423469,STUDENT
add,B00423470,GUEST
add,B00423477,STUDENT
add,B00424824,STUDENT
add,B00425593,STUDENT
add,B00426577,STUDENT
add,B00427581,STAFF
add,B00428339,GUEST
add,B00428814,STUDENT
add,B00431296,STUDENT
add,B00431752,STUDENT
add,B00435329,APPLICANT
add,B00435329,STUDENT
add,B00435926,GUEST
add,B00436587,TRUSTEE
add,B00437482,STUDENT
add,B00437559,STUDENT
add,B00437567,STAFF
add,B00437567,STUDENT
add,B00437702,STUDENT
add,B00438449,APPLICANT
add,B00438449,STUDENT
add,B00438458,STUDENT
add,B00438481,STUDENT
add,B00438601,STUDENT
add,B00438735,STUDENT
add,B00438752,STUDENT
add,B00438913,STUDENT
add,B00439302,STUDENT
add,B00439845,STUDENT
add,B00440494,STUDENT
add,B00441055,APPLICANT
add,B00441055,STUDENT
add,B00441060,APPLICANT
add,B00441192,APPLICANT
add,B00441192,STUDENT
add,B00441212,STUDENT
add,B00441325,STUDENT
add,B00441334,STUDENT
add,B00441341,STUDENT
add,B00441392,STUDENT
add,B00441408,STUDENT
add,B00441417,STUDENT
add,B00441490,STUDENT
add,B00441624,STUDENT
add,B00441741,STAFF
add,B00442020,STUDENT
add,B00442029,STUDENT
add,B00442067,STUDENT
add,B00442458,STUDENT
add,B00442617,STUDENT
add,B00442659,APPLICANT
add,B00442659,STUDENT
add,B00442791,STUDENT
add,B00442981,STUDENT
add,A00273598,FACULTY
add,B00443285,GUEST
add,B00443623,STUDENT
add,B00443692,STUDENT
add,B00443699,STUDENT
add,B00443801,GUEST
add,B00444154,FACULTY
add,B00444168,APPLICANT
add,B00444343,STUDENT
add,B00444392,STUDENT
add,A00275797,FACULTY
add,B00444714,STUDENT
add,B00444807,STUDENT
add,B00445404,APPLICANT
add,B00445455,STUDENT
add,B00445581,FACULTY
add,B00445649,STUDENT
add,B00445664,GUEST
add,B00445668,STUDENT
add,B00445669,STUDENT
add,B00445776,STAFF
add,B00445800,APPLICANT
add,B00445865,APPLICANT
add,B00445865,STUDENT
add,B00445925,STUDENT
add,B00446061,STAFF
add,B00446223,FACULTY
add,B00446230,STUDENT
add,B00446236,APPLICANT
add,B00446236,STUDENT
add,B00446329,STUDENT
add,B00446626,STUDENT
add,B00446673,STUDENT
add,B00446699,STAFF
add,B00446836,APPLICANT
add,B00446836,STUDENT
add,B00446928,STUDENT
add,B00446940,STAFF
add,B00446995,APPLICANT
add,B00447026,STAFF
add,B00447027,STAFF
add,B00447057,STAFF
add,B00447237,FACULTY
add,B00447292,STUDENT
add,B00447339,STUDENT
add,B00447478,STUDENT
add,B00447707,STUDENT
add,B00447804,FACULTY
add,B00447966,FACULTY
add,B00448037,STUDENT
add,B00448366,STAFF
add,B00448378,STUDENT
add,B00448429,APPLICANT
add,B00448429,STUDENT
add,B00448452,STUDENT
add,B00448669,APPLICANT
add,B00448812,STUDENT
add,B00448831,STUDENT
add,B00448858,APPLICANT
add,B00448858,STUDENT
add,B00448974,STUDENT
add,B00448990,APPLICANT
add,B00448990,STUDENT
add,B00449013,STUDENT
add,B00449277,APPLICANT
add,B00449388,FACULTY
add,B00449394,STUDENT
add,B00449426,STUDENT
add,B00449437,STAFF
add,B00449525,APPLICANT
add,B00449525,STUDENT
add,B00449647,STUDENT
add,B00449666,STUDENT
add,B00449753,GUEST
add,B00449760,APPLICANT
add,B00449760,STUDENT
add,B00449762,STUDENT
add,B00449801,STUDENT
add,B00449820,GUEST
add,B00449962,APPLICANT
add,B00449962,STUDENT
add,B00450023,STUDENT
add,B00450025,STAFF
add,B00450048,STAFF
add,B00450159,STUDENT
add,B00450489,STUDENT
add,B00450579,STUDENT
add,B00450611,STUDENT
add,B00450618,STUDENT
add,B00450772,FACULTY
add,B00450807,STUDENT
add,B00450928,FACULTY
add,B00450934,STAFF
add,B00451093,STUDENT
add,B00451187,STUDENT
add,B00451194,STUDENT
add,B00451234,STAFF
add,B00451251,STUDENT
add,B00451311,STAFF
add,B00451452,STAFF
add,B00451456,FACULTY
add,B00451472,STAFF
add,B00451493,GUEST
add,B00451494,GUEST
add,B00451495,GUEST
add,B00451496,GUEST
add,B00451497,GUEST
add,B00451631,STUDENT
add,B00451645,FACULTY
add,B00451655,FACULTY
add,B00451728,APPLICANT
add,B00451728,STUDENT
add,B00451778,FACULTY
add,B00451818,STUDENT
add,B00451914,GUEST
add,B00451942,STUDENT
add,B00452051,STUDENT
add,B00452134,STAFF
add,B00452162,APPLICANT
add,B00452202,APPLICANT
add,B00452203,STAFF
add,B00452234,STUDENT
add,B00452236,FACULTY
add,B00452279,STAFF
add,B00452340,GUEST
add,B00452401,STAFF
add,B00452432,STUDENT
add,B00452457,STUDENT
add,B00452489,APPLICANT
add,B00452498,STAFF
add,B00452502,STUDENT
add,B00452529,STAFF
add,B00452605,STUDENT
add,B00452647,GUEST
add,B00452648,GUEST
add,B00452739,APPLICANT
add,B00452739,STUDENT
add,B00452749,STUDENT
add,B00452807,STUDENT
add,B00453194,APPLICANT
add,B00453194,STUDENT
add,B00453256,STAFF
add,B00453514,STUDENT
add,B00453533,STUDENT
add,B00453567,STAFF
add,B00453578,GUEST
add,B00453651,APPLICANT
add,B00453750,APPLICANT
add,B00453750,STUDENT
add,B00453940,STUDENT
add,B00453971,STUDENT
add,B00453975,STUDENT
add,B00454048,STUDENT
add,B00454049,APPLICANT
add,B00454049,STUDENT
add,B00454054,STUDENT
add,B00454144,STUDENT
add,B00454182,STUDENT
add,B00454228,STUDENT
add,B00454254,FACULTY
add,B00454269,STUDENT
add,B00454363,STUDENT
add,B00454368,STUDENT
add,B00454378,APPLICANT
add,B00454465,STUDENT
add,B00454491,STUDENT
add,B00454514,STUDENT
add,B00454531,STUDENT
add,B00454688,STUDENT
add,B00454716,APPLICANT
add,B00454716,STUDENT
add,B00454860,STUDENT
add,B00455043,STUDENT
add,B00455064,APPLICANT
add,B00455064,STUDENT
add,B00455256,STUDENT
add,B00455260,GUEST
add,B00455414,APPLICANT
add,B00455419,STUDENT
add,B00455459,STUDENT
add,B00455465,STUDENT
add,B00455520,STUDENT
add,B00455562,STUDENT
add,B00455959,STAFF
add,B00455997,APPLICANT
add,B00455997,STUDENT
add,B00456012,STUDENT
add,B00456167,STUDENT
add,B00456184,STUDENT
add,B00456258,APPLICANT
add,B00456266,STUDENT
add,B00456302,APPLICANT
add,B00456302,STUDENT
add,B00456312,STUDENT
add,B00456387,APPLICANT
add,B00456460,APPLICANT
add,B00456654,STUDENT
add,B00456718,APPLICANT
add,B00456867,STUDENT
add,B00456975,STUDENT
add,B00457199,STUDENT
add,B00457206,STUDENT
add,B00457237,APPLICANT
add,B00457280,STUDENT
add,B00457290,APPLICANT
add,B00457326,STUDENT
add,B00457347,STUDENT
add,B00457388,STUDENT
add,B00457393,STUDENT
add,A00288461,FACULTY
add,B00457398,STUDENT
add,B00457417,STUDENT
add,B00457422,APPLICANT
add,B00457422,STUDENT
add,B00457441,APPLICANT
add,B00457448,STUDENT
add,B00457661,STUDENT
add,B00458096,STUDENT
add,B00458165,APPLICANT
add,B00458165,STUDENT
add,B00458173,STUDENT
add,B00458188,STUDENT
add,B00458366,STUDENT
add,B00458930,STUDENT
add,B00459135,STUDENT
add,B00459290,STUDENT
add,B00459449,STUDENT
add,B00459608,STUDENT
add,B00459687,STUDENT
add,B00459782,STUDENT
add,B00459892,STUDENT
add,B00459894,APPLICANT
add,B00459894,STUDENT
add,B00459907,FACULTY
add,B00460154,STUDENT
add,B00460257,APPLICANT
add,B00460257,STUDENT
add,A00292367,FACULTY
add,B00460633,APPLICANT
add,B00460805,GUEST
add,B00460806,STUDENT
add,B00460841,STUDENT
add,B00460874,APPLICANT
add,B00460874,STUDENT
add,B00460963,APPLICANT
add,B00460963,STUDENT
add,B00460984,STUDENT
add,B00461043,STUDENT
add,B00461106,STUDENT
add,B00461414,STUDENT
add,B00461630,STUDENT
add,B00461651,STUDENT
add,B00461745,APPLICANT
add,B00461793,STUDENT
add,B00461846,STUDENT
add,B00461864,STUDENT
add,B00462077,STUDENT
add,B00462085,STUDENT
add,B00462196,STUDENT
add,B00462450,STUDENT
add,B00462890,STUDENT
add,B00462893,STUDENT
add,B00462938,STUDENT
add,B00462946,STUDENT
add,B00462951,STUDENT
add,A00295113,FACULTY
add,B00463401,STUDENT
add,B00463404,APPLICANT
add,B00463466,STUDENT
add,B00463552,STUDENT
add,B00463595,STUDENT
add,B00463622,STUDENT
add,B00463624,STUDENT
add,B00463635,STUDENT
add,B00463638,STUDENT
add,B00463639,STUDENT
add,B00463647,STUDENT
add,B00463679,STUDENT
add,B00463696,STUDENT
add,B00463703,STUDENT
add,B00463708,STUDENT
add,B00463761,STUDENT
add,B00463933,STUDENT
add,B00463949,STUDENT
add,B00464014,STUDENT
add,B00464022,STUDENT
add,B00464042,APPLICANT
add,B00464042,STUDENT
add,B00464322,APPLICANT
add,B00464322,STUDENT
add,B00464434,APPLICANT
add,A00296854,STAFF
add,B00464794,STUDENT
add,B00464795,STUDENT
add,A00297050,TRUSTEE
add,B00464844,STUDENT
add,B00464858,STUDENT
add,B00464864,STUDENT
add,B00465252,STUDENT
add,B00465266,STUDENT
add,B00465269,STUDENT
add,B00465303,FACULTY
add,B00465343,STUDENT
add,B00465364,STUDENT
add,B00465444,STUDENT
add,B00465459,GUEST
add,B00465527,FACULTY
add,B00465528,GUEST
add,B00465568,STUDENT
add,B00465892,STUDENT
add,B00466039,STUDENT
add,B00466067,STUDENT
add,B00466205,STUDENT
add,B00466228,STAFF
add,B00466228,STUDENT
add,B00466229,STUDENT
add,B00466344,APPLICANT
add,B00466355,APPLICANT
add,B00466642,STUDENT
add,B00466855,STUDENT
add,B00466907,STUDENT
add,B00466974,STUDENT
add,B00467012,STUDENT
add,B00467020,GUEST
add,B00467068,STUDENT
add,B00467426,APPLICANT
add,B00467721,APPLICANT
add,B00467818,STUDENT
add,B00468373,APPLICANT
add,B00468442,APPLICANT
add,B00468442,STUDENT
add,B00468526,APPLICANT
add,B00468528,STUDENT
add,B00468788,APPLICANT
add,B00468906,STUDENT
add,B00469168,APPLICANT
add,B00469418,STUDENT
add,B00469543,APPLICANT
add,B00469543,STUDENT
add,B00469579,STUDENT
add,B00469699,STUDENT
add,B00469761,APPLICANT
add,B00469761,STUDENT
add,B00469913,STUDENT
add,B00470007,STUDENT
add,B00470015,STUDENT
add,B00470429,GUEST
add,B00470442,STUDENT
add,B00470458,APPLICANT
add,B00470458,STUDENT
add,B00470466,STUDENT
add,B00470470,STUDENT
add,B00470489,STUDENT
add,B00470492,STAFF
add,B00470546,STUDENT
add,B00470651,APPLICANT
add,B00470651,STUDENT
add,B00470807,STUDENT
add,B00470843,STUDENT
add,B00470944,STUDENT
add,B00471015,FACULTY
add,B00471022,APPLICANT
add,B00471022,STUDENT
add,B00471025,APPLICANT
add,B00471025,STUDENT
add,B00471049,APPLICANT
add,B00471049,STUDENT
add,B00471107,STUDENT
add,B00471181,STAFF
add,B00471414,GUEST
add,B00471559,APPLICANT
add,B00471559,STUDENT
add,B00471677,STUDENT
add,B00471680,STUDENT
add,B00471760,STUDENT
add,B00472049,STUDENT
add,B00472099,APPLICANT
add,B00472099,STUDENT
add,B00472142,APPLICANT
add,B00472142,STUDENT
add,B00472188,APPLICANT
add,B00472188,STUDENT
add,B00472376,APPLICANT
add,B00472474,APPLICANT
add,B00472474,STUDENT
add,B00472652,STUDENT
add,B00472654,STUDENT
add,B00472656,STUDENT
add,B00472906,APPLICANT
add,B00472906,STUDENT
add,B00472970,STUDENT
add,B00473018,STUDENT
add,B00473024,STAFF
add,B00473263,APPLICANT
add,B00473263,STUDENT
add,B00473357,APPLICANT
add,B00473357,STUDENT
add,B00473430,APPLICANT
add,B00473430,STUDENT
add,B00473632,STUDENT
add,B00473633,STUDENT
add,B00473880,APPLICANT
add,B00473967,STUDENT
add,B00473977,STUDENT
add,B00474322,STUDENT
add,B00474441,APPLICANT
add,B00474441,STUDENT
add,B00474463,STUDENT
add,B00474492,APPLICANT
add,B00474574,APPLICANT
add,B00474574,STUDENT
add,B00474695,APPLICANT
add,B00474848,APPLICANT
add,B00474848,STUDENT
add,B00474995,APPLICANT
add,B00475054,STUDENT
add,B00475144,STUDENT
add,B00475186,STUDENT
add,B00475188,STAFF
add,B00475205,STUDENT
add,B00475324,STAFF
add,B00475938,APPLICANT
add,B00475938,STUDENT
add,B00476045,APPLICANT
add,B00476045,STUDENT
add,B00476053,STUDENT
add,B00476265,APPLICANT
add,B00476558,APPLICANT
add,B00476558,STUDENT
add,B00476581,STUDENT
add,B00476768,APPLICANT
add,B00476768,STUDENT
add,B00476794,APPLICANT
add,B00477037,STUDENT
add,B00477121,STUDENT
add,B00477183,APPLICANT
add,B00477246,APPLICANT
add,B00477250,APPLICANT
add,B00477250,STUDENT
add,B00477255,APPLICANT
add,B00477348,STUDENT
add,B00477885,STUDENT
add,B00477891,STUDENT
add,B00477916,APPLICANT
add,B00478262,APPLICANT
add,B00478272,APPLICANT
add,B00478272,STUDENT
add,B00478304,STAFF
add,B00478350,STUDENT
add,B00478392,STUDENT
add,B00478401,STUDENT
add,B00478402,STUDENT
add,B00478441,FACULTY
add,B00478465,APPLICANT
add,B00478465,STUDENT
add,B00478469,APPLICANT
add,B00478469,STUDENT
add,B00478534,STUDENT
add,B00478596,STUDENT
add,B00478904,STUDENT
add,B00478980,STAFF
add,B00478995,CSPARENT
add,B00478996,CSPARENT
add,B00478998,CSPARENT
add,B00479000,CSPARENT
add,B00479001,STAFF
add,B00479006,STUDENT
add,B00479010,STAFF
add,B00479027,CSPARENT
add,B00479029,CSPARENT
add,B00479038,CSPARENT
add,B00479040,STUDENT
add,B00479044,CSPARENT
add,B00479046,CSPARENT
add,B00479279,APPLICANT
add,B00479279,STUDENT
add,B00479322,STUDENT
add,B00479339,CSPARENT
add,B00479341,CSPARENT
add,B00479344,APPLICANT
add,B00479344,STUDENT
add,B00479345,STUDENT
add,B00479365,STUDENT
add,B00479372,APPLICANT
add,B00479378,CSPARENT
add,B00479380,CSPARENT
add,B00479382,CSPARENT
add,B00479383,CSPARENT
add,B00479384,CSPARENT
add,B00479385,CSPARENT
add,B00479387,CSPARENT
add,B00479389,CSPARENT
add,B00479390,CSPARENT
add,B00479391,CSPARENT
add,B00479472,CSPARENT
add,B00479483,CSPARENT
add,B00479484,CSPARENT
add,B00479496,CSPARENT
add,B00479498,CSPARENT
add,B00479499,CSPARENT
add,B00479605,CSPARENT
add,B00479606,CSPARENT
add,B00479607,CSPARENT
add,B00479608,CSPARENT
add,B00479609,CSPARENT
add,B00479610,CSPARENT
add,B00479613,CSPARENT
add,B00479614,CSPARENT
add,B00479615,CSPARENT
add,B00479616,CSPARENT
add,B00479617,CSPARENT
add,B00479619,CSPARENT
add,B00479622,CSPARENT
add,B00479623,CSPARENT
add,B00479646,CSPARENT
add,B00479648,CSPARENT
add,B00479653,CSPARENT
add,B00479655,CSPARENT
add,B00479657,CSPARENT
add,B00479659,CSPARENT
add,B00479664,CSPARENT
add,B00479666,CSPARENT
add,B00479667,CSPARENT
add,B00479668,CSPARENT
add,B00479669,CSPARENT
add,B00479672,CSPARENT
add,B00479675,CSPARENT
add,B00479676,CSPARENT
add,B00479677,CSPARENT
add,B00479699,CSPARENT
add,B00479701,CSPARENT
add,B00479703,CSPARENT
add,B00479704,CSPARENT
add,B00479705,CSPARENT
add,B00479706,CSPARENT
add,B00479707,CSPARENT
add,B00479710,CSPARENT
add,B00479712,CSPARENT
add,B00479713,CSPARENT
add,B00479714,CSPARENT
add,B00479739,CSPARENT
add,B00479741,CSPARENT
add,B00479742,CSPARENT
add,B00479746,CSPARENT
add,B00479748,CSPARENT
add,B00479749,CSPARENT
add,B00479750,CSPARENT
add,B00479751,CSPARENT
add,B00479752,CSPARENT
add,B00479753,CSPARENT
add,B00479766,STAFF
add,B00479773,STAFF
add,B00479777,STAFF
add,B00479932,STUDENT
add,B00480040,APPLICANT
add,B00480078,STUDENT
add,B00480163,STUDENT
add,B00480277,STAFF
add,B00480278,STAFF
add,B00480293,STUDENT
add,B00480612,APPLICANT
add,B00480788,APPLICANT
add,B00481502,STAFF
add,B00481564,STUDENT
add,B00481814,STUDENT
add,B00481835,STUDENT
add,B00481840,STAFF
add,B00482065,STUDENT
add,B00482377,STUDENT
add,B00482461,FACULTY
add,B00482551,APPLICANT
add,B00482578,FACULTY
add,B00482585,FACULTY
add,B00482740,STUDENT
add,B00482748,CSPARENT
add,B00482749,STUDENT
add,B00482755,STAFF
add,B00482818,CSPARENT
add,B00482846,STUDENT
add,B00482874,FACULTY
add,B00482875,FACULTY
add,B00482908,APPLICANT
add,B00482908,STUDENT
add,B00483017,STUDENT
add,B00483054,APPLICANT
add,B00483175,STUDENT
add,B00483192,STUDENT
add,B00483226,STAFF
add,B00483385,APPLICANT
add,B00483485,APPLICANT
add,B00483501,GUEST
add,B00483505,STUDENT
add,B00483535,APPLICANT
add,B00483537,APPLICANT
add,B00483537,STUDENT
add,B00483626,STUDENT
add,B00483658,FACULTY
add,B00483678,STUDENT
add,B00483683,APPLICANT
add,B00483903,APPLICANT
add,B00484065,APPLICANT
add,B00484065,STUDENT
add,B00484075,FACULTY
add,B00484094,STUDENT
add,B00484109,FACULTY
add,B00484115,FACULTY
add,B00484120,FACULTY
add,B00484231,STUDENT
add,B00484281,STAFF
add,B00484528,APPLICANT
add,B00484528,STUDENT
add,B00484576,APPLICANT
add,B00484602,FACULTY
add,B00484678,STAFF
add,B00484687,STUDENT
add,B00484711,STUDENT
add,B00484717,CSPARENT
add,B00484722,CSPARENT
add,B00484723,GUEST
add,B00484729,FACULTY
add,B00484807,APPLICANT
add,B00484807,STUDENT
add,B00484808,STUDENT
add,B00485137,STAFF
add,B00485137,STUDENT
add,B00485162,STUDENT
add,B00485165,FACULTY
add,B00485168,CSPARENT
add,B00485250,STUDENT
add,B00485258,STAFF
add,B00485258,STUDENT
add,B00485275,STUDENT
add,B00485286,APPLICANT
add,B00485286,STUDENT
add,B00485292,STAFF
add,B00485293,FACULTY
add,B00485294,STAFF
add,B00485295,FACULTY
add,B00485531,STUDENT
add,B00485575,STUDENT
add,B00485576,STUDENT
add,B00485634,FACULTY
add,B00485726,STUDENT
add,B00485742,STUDENT
add,B00485763,APPLICANT
add,B00485763,STUDENT
add,B00485765,STUDENT
add,B00485773,STUDENT
add,B00485806,STAFF
add,B00485826,FACULTY
add,B00485831,STUDENT
add,B00485850,GUEST
add,B00485855,GUEST
add,B00485859,GUEST
add,B00485862,STUDENT
add,B00485863,STAFF
add,B00485865,STAFF
add,B00485866,STAFF
add,B00485901,GUEST
add,B00485903,STAFF
add,B00485914,STUDENT
add,B00485916,GUEST
add,B00485919,STAFF
add,B00485921,APPLICANT
add,B00485921,STUDENT
add,B00485924,STAFF
add,B00485927,STUDENT
add,B00485928,STAFF
add,B00485930,STAFF
add,B00485932,STUDENT
add,B00485934,FACULTY
add,B00485962,STUDENT
add,B00485974,FACULTY
add,B00485981,STUDENT
add,B00485993,STUDENT
add,B00485995,STUDENT
add,B00486014,STUDENT
add,B00486019,CSPARENT
add,B00486020,CSPARENT
add,B00486021,APPLICANT
add,B00486021,STUDENT
add,B00486053,APPLICANT
add,B00486053,STUDENT
add,B00486071,FACULTY
add,B00486088,STUDENT
add,B00486096,STUDENT
add,B00486104,STUDENT
add,B00486109,STUDENT
add,B00486125,GUEST
add,B00486139,STAFF
add,B00486141,STUDENT
add,B00486145,STUDENT
add,B00486157,STUDENT
add,B00486171,STAFF
add,B00486174,STUDENT
add,B00486185,FACULTY
add,B00486187,STUDENT
add,B00486211,STUDENT
add,B00486220,STUDENT
add,B00486223,STUDENT
add,B00486225,STUDENT
add,B00486226,STUDENT
add,B00486230,STUDENT
add,B00486232,STUDENT
add,B00486236,STUDENT
add,B00486237,STUDENT
add,B00486242,STUDENT
add,B00486249,STUDENT
add,B00486269,STUDENT
add,B00486284,STUDENT
add,B00486286,STUDENT
add,B00486306,STUDENT
add,B00486310,STUDENT
add,B00486321,STUDENT
add,B00486336,STUDENT
add,B00486337,STUDENT
add,B00486347,STUDENT
add,B00486355,STUDENT
add,B00486356,STUDENT
add,B00486359,STUDENT
add,B00486361,STUDENT
add,B00486363,STUDENT
add,B00486368,STUDENT
add,B00486379,STUDENT
add,B00486381,STUDENT
add,B00486385,STUDENT
add,B00486392,STUDENT
add,B00486396,STUDENT
add,B00486429,STUDENT
add,B00486430,STUDENT
add,B00486438,STUDENT
add,B00486454,STUDENT
add,B00486462,STAFF
add,B00486485,STUDENT
add,B00486513,STUDENT
add,B00486514,STUDENT
add,B00486519,APPLICANT
add,B00486519,STUDENT
add,B00486539,STUDENT
add,B00486544,STUDENT
add,B00486553,STUDENT
add,B00486562,STUDENT
add,B00486566,STUDENT
add,B00486567,STUDENT
add,B00486569,STUDENT
add,B00486575,APPLICANT
add,B00486575,STUDENT
add,B00486580,STUDENT
add,B00486584,APPLICANT
add,B00486584,STUDENT
add,B00486585,STUDENT
add,B00486593,APPLICANT
add,B00486593,STUDENT
add,B00486600,STUDENT
add,B00486601,STUDENT
add,B00486604,STUDENT
add,B00486605,STUDENT
add,B00486607,STUDENT
add,B00486625,FACULTY
add,B00486627,STUDENT
add,B00486629,APPLICANT
add,B00486629,STUDENT
add,B00486631,STUDENT
add,B00486635,STUDENT
add,B00486638,APPLICANT
add,B00486638,STUDENT
add,B00486642,STUDENT
add,B00486644,APPLICANT
add,B00486644,STUDENT
add,B00486659,FACULTY
add,B00486688,STUDENT
add,B00486699,STUDENT
add,B00486721,STUDENT
add,B00486722,STUDENT
add,B00486724,STUDENT
add,B00486733,STUDENT
add,B00486736,STUDENT
add,B00486741,STUDENT
add,B00486742,STUDENT
add,B00486743,STUDENT
add,B00486744,STUDENT
add,B00486750,STAFF
add,B00486764,STUDENT
add,B00486771,STAFF
add,B00486792,STUDENT
add,B00486794,STUDENT
add,B00486806,STUDENT
add,B00486809,FACULTY
add,B00486811,STUDENT
add,B00486814,STUDENT
add,B00486816,STUDENT
add,B00486818,STUDENT
add,B00486833,STUDENT
add,B00486836,STUDENT
add,B00486838,STUDENT
add,B00486848,STUDENT
add,B00486853,STUDENT
add,B00486876,STUDENT
add,B00486879,STUDENT
add,B00486883,STUDENT
add,B00486891,STUDENT
add,B00486895,STUDENT
add,B00486900,STUDENT
add,B00486902,STUDENT
add,B00486903,STUDENT
add,B00486911,STUDENT
add,B00486913,STUDENT
add,B00486917,STUDENT
add,B00486919,STUDENT
add,B00486922,STUDENT
add,B00486939,STUDENT
add,B00486940,STUDENT
add,B00486941,STUDENT
add,B00486942,STUDENT
add,B00486943,STUDENT
add,B00486948,STUDENT
add,B00486965,STUDENT
add,B00486988,STUDENT
add,B00486990,STUDENT
add,B00486991,STUDENT
add,B00486995,STUDENT
add,B00487000,STUDENT
add,B00487021,STUDENT
add,B00487032,STUDENT
add,B00487033,APPLICANT
add,B00487033,STUDENT
add,B00487041,STUDENT
add,B00487042,STUDENT
add,B00487047,STUDENT
add,B00487067,STUDENT
add,B00487081,STUDENT
add,B00487082,STUDENT
add,B00487103,STUDENT
add,B00487111,STUDENT
add,B00487118,STUDENT
add,B00487121,STUDENT
add,B00487138,APPLICANT
add,B00487138,STUDENT
add,B00487146,FACULTY
add,B00487147,STAFF
add,B00487148,FACULTY
add,B00487150,FACULTY
add,B00487153,FACULTY
add,B00487155,FACULTY
add,B00487167,STUDENT
add,B00487174,STUDENT
add,B00487192,STUDENT
add,B00487193,STUDENT
add,B00487194,STUDENT
add,B00487195,STUDENT
add,B00487207,GUEST
add,B00487209,STAFF
add,B00487210,STAFF
add,B00487219,STAFF
add,B00487225,STUDENT
add,B00487232,GUEST
add,B00487237,STUDENT
add,B00487239,STUDENT
add,B00487240,STUDENT
add,B00487244,STUDENT
add,B00487247,STUDENT
add,B00487251,STUDENT
add,B00487282,STUDENT
add,B00487283,STUDENT
add,B00487291,APPLICANT
add,B00487315,FACULTY
add,B00487325,STUDENT
add,B00487338,STUDENT
add,B00487340,STUDENT
add,B00487351,STUDENT
add,B00487355,STUDENT
add,B00487359,STUDENT
add,B00487363,STAFF
add,B00487365,STAFF
add,B00487374,STUDENT
add,B00487375,STUDENT
add,B00487377,STUDENT
add,B00487380,STUDENT
add,B00487399,GUEST
add,B00487405,STUDENT
add,B00487422,STUDENT
add,B00487442,STUDENT
add,B00487443,STUDENT
add,B00487448,STUDENT
add,B00487452,CSPARENT
add,B00487453,CSPARENT
add,B00487459,GUEST
add,B00487460,GUEST
add,B00487479,STUDENT
add,B00487500,STUDENT
add,B00487502,STUDENT
add,B00487515,APPLICANT
add,B00487540,STUDENT
add,B00487544,STUDENT
add,B00487557,STUDENT
add,B00487574,STUDENT
add,B00487586,STUDENT
add,B00487593,STUDENT
add,B00487600,STUDENT
add,B00487633,STUDENT
add,B00487639,STUDENT
add,B00487657,STUDENT
add,B00487658,STUDENT
add,B00487664,STAFF
add,B00487694,STUDENT
add,B00487699,STUDENT
add,B00487700,APPLICANT
add,B00487700,STUDENT
add,B00487726,STUDENT
add,B00487730,APPLICANT
add,B00487730,STUDENT
add,B00487756,STUDENT
add,B00487763,STUDENT
add,B00487769,STUDENT
add,B00487773,STUDENT
add,B00487786,STUDENT
add,B00487792,STUDENT
add,B00487818,STAFF
add,B00487831,APPLICANT
add,B00487831,STUDENT
add,B00487841,STUDENT
add,B00487842,STUDENT
add,B00487844,STUDENT
add,B00487846,STUDENT
add,B00487852,STUDENT
add,B00487854,STUDENT
add,B00487855,STUDENT
add,B00487856,APPLICANT
add,B00487856,STUDENT
add,B00487858,STUDENT
add,B00487862,STUDENT
add,B00487867,APPLICANT
add,B00487867,STUDENT
add,B00487869,STUDENT
add,B00487879,STUDENT
add,B00487881,APPLICANT
add,B00487881,STUDENT
add,B00487893,STUDENT
add,B00487894,GUEST
add,B00487898,APPLICANT
add,B00487898,STUDENT
add,B00487967,STUDENT
add,B00487981,STUDENT
add,B00488031,APPLICANT
add,B00488031,STUDENT
add,B00488064,FACULTY
add,B00488069,GUEST
add,B00488078,STUDENT
add,B00488101,STUDENT
add,B00488102,STUDENT
add,B00488152,CSPARENT
add,B00488165,CSPARENT
add,B00488166,CSPARENT
add,B00488167,CSPARENT
add,B00488169,STAFF
add,B00488170,STUDENT
add,B00488171,STUDENT
add,B00488178,APPLICANT
add,B00488178,STUDENT
add,B00488206,STUDENT
add,B00488211,STUDENT
add,B00488213,STAFF
add,B00488213,STUDENT
add,B00488231,STAFF
add,B00488234,STUDENT
add,B00488246,STUDENT
add,B00488260,STUDENT
add,B00488261,APPLICANT
add,B00488261,STUDENT
add,B00488270,CSPARENT
add,B00488271,CSPARENT
add,B00488272,CSPARENT
add,B00488274,STUDENT
add,B00488275,STUDENT
add,B00488280,CSPARENT
add,B00488281,CSPARENT
add,B00488282,CSPARENT
add,B00488284,STUDENT
add,B00488338,STUDENT
add,B00488339,GUEST
add,B00488344,STUDENT
add,B00488350,STUDENT
add,B00488356,APPLICANT
add,B00488364,STAFF
add,B00488367,STUDENT
add,B00488384,STUDENT
add,B00488390,STUDENT
add,B00488410,STUDENT
add,B00488420,STUDENT
add,B00488430,STUDENT
add,B00488443,STAFF
add,B00488448,STUDENT
add,B00488449,STUDENT
add,B00488485,STUDENT
add,B00488508,STUDENT
add,B00488520,STUDENT
add,B00488525,STUDENT
add,B00488537,CSPARENT
add,B00488554,STUDENT
add,B00488577,STAFF
add,B00488621,APPLICANT
add,B00488621,STUDENT
add,B00488625,GUEST
add,B00488641,STUDENT
add,B00488656,STUDENT
add,B00488667,STAFF
add,B00488785,STAFF
add,B00488819,STUDENT
add,B00488830,STAFF
add,B00488837,STAFF
add,B00488850,STAFF
add,B00488856,STAFF
add,B00488863,STAFF
add,B00488872,STUDENT
add,B00488875,STUDENT
add,B00488883,STAFF
add,B00488887,STAFF
add,B00488899,CSPARENT
add,B00488901,CSPARENT
add,B00488917,STUDENT
add,B00488918,STUDENT
add,B00488923,CSPARENT
add,B00488925,STUDENT
add,B00488933,STAFF
add,B00488934,STAFF
add,B00488935,CSPARENT
add,B00488937,STAFF
add,B00488943,STAFF
add,B00488944,STAFF
add,B00488949,STAFF
add,B00488952,STAFF
add,B00488955,STAFF
add,B00488960,STAFF
add,B00488964,APPLICANT
add,B00488964,STUDENT
add,B00488967,STAFF
add,B00488968,STAFF
add,B00488971,STAFF
add,B00488973,STUDENT
add,B00488995,STAFF
add,B00489002,FACULTY
add,B00489002,STAFF
add,B00489009,CSPARENT
add,B00489015,STUDENT
add,B00489133,STUDENT
add,B00489151,STUDENT
add,B00489154,FACULTY
add,B00489156,STUDENT
add,B00489188,STAFF
add,B00489191,FACULTY
add,B00489191,STAFF
add,B00489192,STAFF
add,B00489208,APPLICANT
add,B00489209,STUDENT
add,B00489212,STUDENT
add,B00489260,APPLICANT
add,B00489260,STAFF
add,B00489260,STUDENT
add,B00489285,STUDENT
add,B00489293,STUDENT
add,B00489294,CSPARENT
add,B00489295,STAFF
add,B00489296,APPLICANT
add,B00489297,STUDENT
add,B00489298,STUDENT
add,B00489299,STAFF
add,B00489311,STAFF
add,B00489358,STUDENT
add,B00489375,STAFF
add,B00489383,STAFF
add,B00489390,CSPARENT
add,B00489410,STUDENT
add,B00489458,FACULTY
add,B00489461,STUDENT
add,B00489465,STAFF
add,B00489466,FACULTY
add,B00489468,STAFF
add,B00489472,FACULTY
add,B00489473,APPLICANT
add,B00489473,STUDENT
add,B00489483,FACULTY
add,B00489488,FACULTY
add,B00489492,FACULTY
add,B00489493,FACULTY
add,B00489500,FACULTY
add,B00489513,FACULTY
add,B00489515,FACULTY
add,B00489516,FACULTY
add,B00489520,STAFF
add,B00489520,STUDENT
add,B00489521,STUDENT
add,B00489523,GUEST
add,B00489525,GUEST
add,B00489527,GUEST
add,B00489528,GUEST
add,B00489529,GUEST
add,B00489536,FACULTY
add,B00489537,FACULTY
add,B00489538,STUDENT
add,B00489549,CSPARENT
add,B00489550,CSPARENT
add,B00489553,FACULTY
add,B00489556,FACULTY
add,B00489557,FACULTY
add,B00489559,FACULTY
add,B00489561,STAFF
add,B00489562,STAFF
add,B00489574,FACULTY
add,B00489575,STAFF
add,B00489583,FACULTY
add,B00489585,STAFF
add,B00489586,STAFF
add,B00489587,STAFF
add,B00489591,FACULTY
add,B00489596,FACULTY
add,B00489597,STAFF
add,B00489635,CSPARENT
add,B00489636,GUEST
add,B00489637,STAFF
add,B00489664,STAFF
add,B00489665,STAFF
add,B00489668,STAFF
add,B00489669,STUDENT
add,B00489691,FACULTY
add,B00489693,APPLICANT
add,B00489693,STUDENT
add,B00489703,APPLICANT
add,B00489703,STUDENT
add,B00489726,STAFF
add,B00489750,STAFF
add,B00489751,STUDENT
add,B00489761,APPLICANT
add,B00489780,FACULTY
add,B00489780,STAFF
add,B00489781,STAFF
add,B00489782,STAFF
add,B00489783,STAFF
add,B00489801,APPLICANT
add,B00489801,STUDENT
add,B00489804,APPLICANT
add,B00489804,STUDENT
add,B00489806,APPLICANT
add,B00489806,STUDENT
add,B00489812,FACULTY
add,B00489814,FACULTY
add,B00489822,STAFF
add,B00489823,STAFF
add,B00489888,STAFF
add,B00489888,STUDENT
add,B00489894,STUDENT
add,B00489901,APPLICANT
add,B00489901,STUDENT
add,B00489914,STAFF
add,B00489915,STAFF
add,B00489916,STAFF
add,B00489920,STAFF
add,B00489924,STUDENT
add,B00489928,APPLICANT
add,B00489930,STUDENT
add,B00489947,STUDENT
add,B00489964,APPLICANT
add,B00489964,STUDENT
add,B00489967,STUDENT
add,B00489972,STUDENT
add,B00489975,APPLICANT
add,B00489976,STUDENT
add,B00489978,GUEST
add,B00489981,GUEST
add,B00489983,GUEST
add,B00489993,STUDENT
add,B00489994,APPLICANT
add,B00489994,STUDENT
add,B00489995,APPLICANT
add,B00489995,STUDENT
add,B00489996,APPLICANT
add,B00489997,STUDENT
add,B00489999,STUDENT
add,B00490000,STUDENT
add,B00490002,STUDENT
add,B00490005,STUDENT
add,B00490013,APPLICANT
add,B00490014,APPLICANT
add,B00490015,APPLICANT
add,B00490019,APPLICANT
add,B00490019,STUDENT
add,B00490020,APPLICANT
add,B00490023,APPLICANT
add,B00490023,STUDENT
add,B00490026,APPLICANT
add,B00490032,STUDENT
add,B00490033,APPLICANT
add,B00490033,STUDENT
add,B00490037,APPLICANT
add,B00490037,STUDENT
add,B00490038,APPLICANT
add,B00490038,STUDENT
add,B00490039,APPLICANT
add,B00490039,STUDENT
add,B00490040,APPLICANT
add,B00490040,STUDENT
add,B00490041,APPLICANT
add,B00490041,STUDENT
add,B00490042,STUDENT
add,B00490045,APPLICANT
add,B00490045,STUDENT
add,B00490046,APPLICANT
add,B00490046,STUDENT
add,B00490049,APPLICANT
add,B00490067,APPLICANT
add,B00490073,APPLICANT
add,B00490073,STUDENT
add,B00490076,APPLICANT
add,B00490076,STUDENT
add,B00490077,APPLICANT
add,B00490077,STUDENT
add,B00490078,APPLICANT
add,B00490080,APPLICANT
add,B00490080,STUDENT
add,B00490081,APPLICANT
add,B00490082,APPLICANT
add,B00490083,APPLICANT
add,B00490086,APPLICANT
add,B00490089,APPLICANT
add,B00490089,STUDENT
add,B00490091,APPLICANT
add,B00490091,STUDENT
add,B00490092,APPLICANT
add,B00490093,APPLICANT
add,B00490093,STUDENT
add,B00490094,APPLICANT
add,B00490095,APPLICANT
add,B00490096,APPLICANT
add,B00490097,APPLICANT
add,B00490099,APPLICANT
add,B00490099,STUDENT
add,B00490101,APPLICANT
add,B00490102,APPLICANT
add,B00490110,APPLICANT
add,B00490110,STUDENT
add,B00490112,STUDENT
add,B00490115,GUEST
add,B00490116,APPLICANT
add,B00490116,STUDENT
add,B00490117,APPLICANT
add,B00490118,APPLICANT
add,B00490121,APPLICANT
add,B00490124,APPLICANT
add,B00490124,STUDENT
add,B00490125,APPLICANT
add,B00490125,STUDENT
add,B00490126,APPLICANT
add,B00490127,APPLICANT
add,B00490133,APPLICANT
add,B00490133,STUDENT
add,B00490136,APPLICANT
add,B00490136,STUDENT
add,B00490142,STAFF
add,B00490143,APPLICANT
add,B00490143,STUDENT
add,B00490148,APPLICANT
add,B00490149,APPLICANT
add,B00490150,APPLICANT
add,B00490150,STUDENT
add,B00490151,APPLICANT
add,B00490152,APPLICANT
add,B00490153,APPLICANT
add,B00490155,APPLICANT
add,B00490155,STUDENT
add,B00490157,STUDENT
add,B00490158,APPLICANT
add,B00490173,APPLICANT
add,B00490173,STUDENT
add,B00490177,APPLICANT
add,B00490178,APPLICANT
add,B00490180,APPLICANT
add,B00490180,STUDENT
add,B00490182,APPLICANT
add,B00490182,STUDENT
add,B00490183,APPLICANT
add,B00490183,STUDENT
add,B00490184,APPLICANT
add,B00490186,STAFF
add,B00490187,APPLICANT
add,B00490188,APPLICANT
add,B00490188,STUDENT
add,B00490189,APPLICANT
add,B00490189,STUDENT
add,B00490190,APPLICANT
add,B00490191,APPLICANT
add,B00490192,APPLICANT
add,B00490192,STUDENT
add,B00490193,APPLICANT
add,B00490195,APPLICANT
add,B00490196,APPLICANT
add,B00490196,STUDENT
add,B00490199,APPLICANT
add,B00490199,STUDENT
add,B00490200,APPLICANT
add,B00490201,APPLICANT
add,B00490201,STUDENT
add,B00490203,APPLICANT
add,B00490203,STUDENT
add,B00490204,APPLICANT
add,B00490209,STAFF
add,B00490210,APPLICANT
add,B00490212,STAFF
add,B00490213,APPLICANT
add,B00490214,APPLICANT
add,B00490215,APPLICANT
add,B00490215,STUDENT
add,B00490217,APPLICANT
add,B00490221,APPLICANT
add,B00490220,APPLICANT
add,B00490223,APPLICANT
add,B00490224,APPLICANT
add,B00490224,STUDENT
add,B00490226,APPLICANT
add,B00490228,APPLICANT
add,B00490230,APPLICANT
add,B00490230,STUDENT
add,B00490231,APPLICANT
add,B00490233,APPLICANT
add,B00490234,APPLICANT
add,B00490235,APPLICANT
add,B00490235,STUDENT
add,B00490236,APPLICANT
add,B00490238,APPLICANT
add,B00490239,APPLICANT
add,B00490240,APPLICANT
add,B00490240,STUDENT
add,B00490241,APPLICANT
add,B00490242,APPLICANT
add,B00490243,APPLICANT
add,B00490246,APPLICANT
add,B00490247,APPLICANT
add,B00490247,STUDENT
add,B00490248,APPLICANT
add,B00490248,STUDENT
add,B00490249,APPLICANT
add,B00490250,APPLICANT
add,B00490252,APPLICANT
add,B00490254,APPLICANT
add,B00490254,STUDENT
add,B00490255,APPLICANT
add,B00490255,STUDENT
add,B00490256,APPLICANT
add,B00490257,APPLICANT
add,B00490258,APPLICANT
add,B00490259,APPLICANT
add,B00490259,STUDENT
add,B00490260,APPLICANT
add,B00490261,APPLICANT
add,B00490262,APPLICANT
add,B00490265,APPLICANT
add,B00490267,APPLICANT
add,B00490268,APPLICANT
add,B00490273,APPLICANT
add,B00490273,STUDENT
add,B00490274,APPLICANT
add,B00490274,STUDENT
add,B00490275,APPLICANT
add,B00490276,APPLICANT
add,B00490277,APPLICANT
add,B00490280,APPLICANT
add,B00490280,STUDENT
add,B00490281,APPLICANT
add,B00490281,STUDENT
add,B00490286,APPLICANT
add,B00490287,APPLICANT
add,B00490288,APPLICANT
add,B00490289,APPLICANT
add,B00490290,APPLICANT
add,B00490290,STUDENT
add,B00490291,APPLICANT
add,B00490292,APPLICANT
add,B00490293,APPLICANT
add,B00490296,APPLICANT
add,B00490297,APPLICANT
add,B00490299,APPLICANT
add,B00490300,APPLICANT
add,B00490301,APPLICANT
add,B00490301,STUDENT
add,B00490302,APPLICANT
add,B00490302,STUDENT
add,B00490303,APPLICANT
add,B00490303,STUDENT
add,B00490304,APPLICANT
add,B00490305,APPLICANT
add,B00490306,APPLICANT
add,B00490307,APPLICANT
add,B00490307,STUDENT
add,B00490308,APPLICANT
add,B00490311,APPLICANT
add,B00490311,STUDENT
add,B00490313,APPLICANT
add,B00490316,STAFF
add,B00490328,APPLICANT
add,B00490331,APPLICANT
add,B00490331,STUDENT
add,B00490336,APPLICANT
add,B00490335,APPLICANT
add,B00490349,STUDENT
add,B00490350,APPLICANT
add,B00490351,APPLICANT
add,B00490352,APPLICANT
add,B00490355,APPLICANT
add,B00490355,STUDENT
add,B00490359,APPLICANT
add,B00490361,APPLICANT
add,B00490361,STUDENT
add,B00490362,APPLICANT
add,B00490362,STUDENT
add,B00490364,APPLICANT
add,B00490364,STUDENT
add,B00490367,STAFF
add,B00490368,APPLICANT
add,B00490368,STUDENT
add,B00490369,APPLICANT
add,B00490371,APPLICANT
add,B00490373,APPLICANT
add,B00490376,STAFF
add,B00490385,APPLICANT
add,B00490389,APPLICANT
add,B00490390,APPLICANT
add,B00490390,STUDENT
add,B00490392,APPLICANT
add,B00490393,APPLICANT
add,B00490397,APPLICANT
add,B00490397,STUDENT
add,B00490398,APPLICANT
add,B00490400,APPLICANT
add,B00490400,STUDENT
add,B00490407,APPLICANT
add,B00490408,APPLICANT
add,B00490411,APPLICANT
add,B00490416,APPLICANT
add,B00490417,APPLICANT
add,B00490418,APPLICANT
add,B00490419,APPLICANT
add,B00490419,STUDENT
add,B00490421,APPLICANT
add,B00490422,APPLICANT
add,B00490422,STUDENT
add,B00490425,APPLICANT
add,B00490427,APPLICANT
add,B00490431,APPLICANT
add,B00490431,STUDENT
add,B00490437,GUEST
add,B00490438,STAFF
add,B00490440,APPLICANT
add,B00490442,APPLICANT
add,B00490445,APPLICANT
add,B00490445,STUDENT
add,B00490448,APPLICANT
add,B00490449,APPLICANT
add,B00490450,APPLICANT
add,B00490451,APPLICANT
add,B00490453,APPLICANT
add,B00490468,APPLICANT
add,B00490468,STUDENT
add,B00490469,APPLICANT
add,B00490469,STUDENT
add,B00490470,APPLICANT
add,B00490473,APPLICANT
add,B00490491,APPLICANT
add,B00490499,APPLICANT
add,B00490500,APPLICANT
add,B00490501,APPLICANT
add,B00490501,STUDENT
add,B00490504,APPLICANT
add,B00490506,APPLICANT
add,B00490508,APPLICANT
add,B00490513,APPLICANT
add,B00490514,APPLICANT
add,B00490514,STUDENT
add,B00490523,APPLICANT
add,B00490523,STUDENT
add,B00490526,APPLICANT
add,B00490526,STUDENT
add,B00490529,APPLICANT
add,B00490530,APPLICANT
add,B00490531,APPLICANT
add,B00490545,APPLICANT
add,B00490546,APPLICANT
add,B00490547,APPLICANT
add,B00490549,APPLICANT
add,B00490549,STUDENT
add,B00490550,APPLICANT
add,B00490550,STUDENT
add,B00490551,APPLICANT
add,B00490553,APPLICANT
add,B00490554,APPLICANT
add,B00490554,STUDENT
add,B00490556,APPLICANT
add,B00490557,APPLICANT
add,B00490564,APPLICANT
add,B00490564,STUDENT
add,B00490565,APPLICANT
add,B00490565,STUDENT
add,B00490567,APPLICANT
add,B00490567,STUDENT
add,B00490568,APPLICANT
add,B00490570,APPLICANT
add,B00490571,APPLICANT
add,B00490573,APPLICANT
add,B00490573,STUDENT
add,B00490574,APPLICANT
add,B00490574,STUDENT
add,B00490575,APPLICANT
add,B00490575,STUDENT
add,B00490583,APPLICANT
add,B00490584,APPLICANT
add,B00490589,APPLICANT
add,B00490591,APPLICANT
add,B00490594,APPLICANT
add,B00490596,APPLICANT
add,B00490598,APPLICANT
add,B00490598,STUDENT
add,B00490599,APPLICANT
add,B00490599,STUDENT
add,B00490601,APPLICANT
add,B00490604,STUDENT
add,B00490605,APPLICANT
add,B00490605,STUDENT
add,B00490610,APPLICANT
add,B00490613,APPLICANT
add,B00490614,APPLICANT
add,B00490614,STUDENT
add,B00490615,APPLICANT
add,B00490616,APPLICANT
add,B00490621,APPLICANT
add,B00490621,STUDENT
add,B00490622,APPLICANT
add,B00490623,APPLICANT
add,B00490632,APPLICANT
add,B00490633,APPLICANT
add,B00490633,STUDENT
add,B00490634,APPLICANT
add,B00490634,STUDENT
add,B00490637,APPLICANT
add,B00490637,STUDENT
add,B00490638,APPLICANT
add,B00490639,APPLICANT
add,B00490642,APPLICANT
add,B00490642,STUDENT
add,B00490643,APPLICANT
add,B00490647,APPLICANT
add,B00490649,APPLICANT
add,B00490650,APPLICANT
add,B00490651,APPLICANT
add,B00490651,STUDENT
add,B00490653,APPLICANT
add,B00490653,STUDENT
add,B00490654,APPLICANT
add,B00490654,STUDENT
add,B00490655,APPLICANT
add,B00490655,STUDENT
add,B00490656,APPLICANT
add,B00490659,APPLICANT
add,B00490659,STUDENT
add,B00490663,APPLICANT
add,B00490665,APPLICANT
add,B00490665,STUDENT
add,B00490670,APPLICANT
add,B00490673,APPLICANT
add,B00490675,APPLICANT
add,B00490675,STUDENT
add,B00490678,APPLICANT
add,B00490680,APPLICANT
add,B00490682,APPLICANT
add,B00490684,APPLICANT
add,B00490687,APPLICANT
add,B00490687,STUDENT
add,B00490688,APPLICANT
add,B00490688,STUDENT
add,B00490689,APPLICANT
add,B00490690,APPLICANT
add,B00490696,FACULTY
add,B00490698,APPLICANT
add,B00490698,STUDENT
add,B00490704,GUEST
add,B00490711,GUEST
add,B00490712,APPLICANT
add,B00490713,APPLICANT
add,B00490713,STUDENT
add,B00490717,APPLICANT
add,B00490717,STUDENT
add,B00490719,APPLICANT
add,B00490726,APPLICANT
add,B00490726,STUDENT
add,B00490727,APPLICANT
add,B00490729,APPLICANT
add,B00490730,APPLICANT
add,B00490731,APPLICANT
add,B00490732,APPLICANT
add,B00490733,STUDENT
add,B00490734,APPLICANT
add,B00490734,STUDENT
add,B00490736,APPLICANT
add,B00490736,STUDENT
add,B00490738,APPLICANT
add,B00490738,STUDENT
add,B00490740,APPLICANT
add,B00490745,APPLICANT
add,B00490745,STUDENT
add,B00490746,APPLICANT
add,B00490749,APPLICANT
add,B00490758,APPLICANT
add,B00490759,APPLICANT
add,B00490759,STUDENT
add,B00490763,APPLICANT
add,B00490763,STUDENT
add,B00490764,APPLICANT
add,B00490764,STUDENT
add,B00490765,APPLICANT
add,B00490765,STUDENT
add,B00490769,APPLICANT
add,B00490769,STUDENT
add,B00490770,APPLICANT
add,B00490770,STUDENT
add,B00490772,APPLICANT
add,B00490772,STUDENT
add,B00490776,APPLICANT
add,B00490776,STUDENT
add,B00490777,APPLICANT
add,B00490777,STUDENT
add,B00490778,APPLICANT
add,B00490778,STUDENT
add,B00490780,APPLICANT
add,B00490784,APPLICANT
add,B00490784,STUDENT
add,B00490792,APPLICANT
add,B00490792,STUDENT
add,B00490796,APPLICANT
add,B00490800,APPLICANT
add,B00490803,APPLICANT
add,B00490803,STUDENT
add,B00490805,STUDENT
add,B00490806,APPLICANT
add,B00490806,STUDENT
add,B00490807,APPLICANT
add,B00490807,STUDENT
add,B00490810,APPLICANT
add,B00490810,STUDENT
add,B00490817,APPLICANT
add,B00490821,APPLICANT
add,B00490821,STUDENT
add,B00490822,APPLICANT
add,B00490822,STUDENT
add,B00490825,APPLICANT
add,B00490828,APPLICANT
add,B00490828,STUDENT
add,B00490830,APPLICANT
add,B00490833,APPLICANT
add,B00490837,APPLICANT
add,B00490838,APPLICANT
add,B00490839,APPLICANT
add,B00490840,APPLICANT
add,B00490842,APPLICANT
add,B00490842,STUDENT
add,B00490846,APPLICANT
add,B00490846,STUDENT
add,B00490848,APPLICANT
add,B00490849,APPLICANT
add,B00490849,STUDENT
add,B00490850,APPLICANT
add,B00490851,APPLICANT
add,B00490853,APPLICANT
add,B00490855,APPLICANT
add,B00490856,APPLICANT
add,B00490856,STUDENT
add,B00490858,APPLICANT
add,B00490858,STUDENT
add,B00490860,APPLICANT
add,B00490861,APPLICANT
add,B00490861,STUDENT
add,B00490862,APPLICANT
add,B00490863,APPLICANT
add,B00490864,APPLICANT
add,B00490867,APPLICANT
add,B00490868,APPLICANT
add,B00490869,APPLICANT
add,B00490871,APPLICANT
add,B00490874,APPLICANT
add,B00490874,STUDENT
add,B00490875,APPLICANT
add,B00490876,APPLICANT
add,B00490879,APPLICANT
add,B00490879,STUDENT
add,B00490881,APPLICANT
add,B00490881,STUDENT
add,B00490883,APPLICANT
add,B00490884,APPLICANT
add,B00490887,APPLICANT
add,B00490888,APPLICANT
add,B00490888,STUDENT
add,B00490891,APPLICANT
add,B00490891,STUDENT
add,B00490892,APPLICANT
add,B00490894,APPLICANT
add,B00490894,STUDENT
add,B00490896,STAFF
add,B00490898,APPLICANT
add,B00490899,APPLICANT
add,B00490899,STUDENT
add,B00490900,APPLICANT
add,B00490901,APPLICANT
add,B00490904,APPLICANT
add,B00490905,APPLICANT
add,B00490914,APPLICANT
add,B00490915,APPLICANT
add,B00490919,APPLICANT
add,B00490919,STUDENT
add,B00490924,STAFF
add,B00490927,APPLICANT
add,B00490927,STUDENT
add,B00490928,APPLICANT
add,B00490929,APPLICANT
add,B00490931,APPLICANT
add,B00490931,STUDENT
add,B00490933,APPLICANT
add,B00490936,APPLICANT
add,B00490936,STUDENT
add,B00490937,APPLICANT
add,B00490939,APPLICANT
add,B00490939,STUDENT
add,B00490941,APPLICANT
add,B00490942,APPLICANT
add,B00490944,APPLICANT
add,B00490947,APPLICANT
add,B00490950,APPLICANT
add,B00490951,APPLICANT
add,B00490952,APPLICANT
add,B00490953,APPLICANT
add,B00490953,STUDENT
add,B00490959,APPLICANT
add,B00490963,APPLICANT
add,B00490965,APPLICANT
add,B00490968,APPLICANT
add,B00490968,STUDENT
add,B00490969,APPLICANT
add,B00490969,STUDENT
add,B00490972,APPLICANT
add,B00490975,APPLICANT
add,B00490979,APPLICANT
add,B00490979,STUDENT
add,B00490980,APPLICANT
add,B00490980,STUDENT
add,B00490984,APPLICANT
add,B00490984,STUDENT
add,B00490990,APPLICANT
add,B00490991,APPLICANT
add,B00490991,STUDENT
add,B00490992,APPLICANT
add,B00490992,STUDENT
add,B00490993,APPLICANT
add,B00490995,APPLICANT
add,B00490995,STUDENT
add,B00490999,STAFF
add,B00491002,APPLICANT
add,B00491004,APPLICANT
add,B00491008,STAFF
add,B00491011,APPLICANT
add,B00491011,STUDENT
add,B00491016,GUEST
add,B00491017,APPLICANT
add,B00491020,APPLICANT
add,B00491019,APPLICANT
add,B00491022,APPLICANT
add,B00491023,APPLICANT
add,B00491026,APPLICANT
add,B00491027,APPLICANT
add,B00491028,APPLICANT
add,B00491032,APPLICANT
add,B00491033,APPLICANT
add,B00491035,APPLICANT
add,B00491037,APPLICANT
add,B00491040,APPLICANT
add,B00491040,STUDENT
add,B00491041,APPLICANT
add,B00491041,STUDENT
add,B00491042,APPLICANT
add,B00491044,APPLICANT
add,B00491045,APPLICANT
add,B00491045,STUDENT
add,B00491048,APPLICANT
add,B00491048,STUDENT
add,B00491051,APPLICANT
add,B00491052,APPLICANT
add,B00491054,APPLICANT
add,B00491055,APPLICANT
add,B00491056,APPLICANT
add,B00491056,STUDENT
add,B00491060,APPLICANT
add,B00491060,STUDENT
add,B00491061,APPLICANT
add,B00491061,STUDENT
add,B00491063,APPLICANT
add,B00491064,APPLICANT
add,B00491065,APPLICANT
add,B00491066,APPLICANT
add,B00491072,APPLICANT
add,B00491074,APPLICANT
add,B00491075,APPLICANT
add,B00491078,FACULTY
add,B00491079,GUEST
add,B00491080,FACULTY
add,B00491081,FACULTY
add,B00491082,FACULTY
add,B00491084,APPLICANT
add,B00491085,APPLICANT
add,B00491087,APPLICANT
add,B00491088,APPLICANT
add,B00491092,APPLICANT
add,B00491092,STUDENT
add,B00491093,APPLICANT
add,B00491095,APPLICANT
add,B00491096,APPLICANT
add,B00491096,STUDENT
add,B00491098,APPLICANT
add,B00491098,STUDENT
add,B00491100,APPLICANT
add,B00491100,STUDENT
add,B00491101,APPLICANT
add,B00491103,APPLICANT
add,B00491103,STUDENT
add,B00491104,APPLICANT
add,B00491104,STUDENT
add,B00491105,APPLICANT
add,B00491108,APPLICANT
add,B00491109,APPLICANT
add,B00491110,APPLICANT
add,B00491111,STAFF
add,B00491112,FACULTY
add,B00491113,FACULTY
add,B00491116,FACULTY
add,B00491117,FACULTY
add,B00491118,FACULTY
add,B00491119,FACULTY
add,B00491120,FACULTY
add,B00491123,APPLICANT
add,B00491126,APPLICANT
add,B00491126,STUDENT
add,B00491130,APPLICANT
add,B00491130,STUDENT
add,B00491131,APPLICANT
add,B00491131,STUDENT
add,B00491132,APPLICANT
add,B00491132,STUDENT
add,B00491135,APPLICANT
add,B00491135,STUDENT
add,B00491136,APPLICANT
add,B00491138,APPLICANT
add,B00491141,APPLICANT
add,B00491142,APPLICANT
add,B00491142,STUDENT
add,B00491143,APPLICANT
add,B00491144,APPLICANT
add,B00491145,APPLICANT
add,B00491145,STUDENT
add,B00491146,APPLICANT
add,B00491146,STUDENT
add,B00491147,APPLICANT
add,B00491147,STUDENT
add,B00491148,APPLICANT
add,B00491148,STUDENT
add,B00491150,APPLICANT
add,B00491152,APPLICANT
add,B00491153,APPLICANT
add,B00491153,STUDENT
add,B00491154,APPLICANT
add,B00491157,APPLICANT
add,B00491157,STUDENT
add,B00491158,APPLICANT
add,B00491161,APPLICANT
add,B00491161,STUDENT
add,B00491163,APPLICANT
add,B00491165,APPLICANT
add,B00491166,APPLICANT
add,B00491166,STUDENT
add,B00491169,APPLICANT
add,B00491170,APPLICANT
add,B00491170,STUDENT
add,B00491172,APPLICANT
add,B00491172,STUDENT
add,B00491174,APPLICANT
add,B00491174,STUDENT
add,B00491175,APPLICANT
add,B00491175,STUDENT
add,B00491178,APPLICANT
add,B00491178,STUDENT
add,B00491179,APPLICANT
add,B00491180,APPLICANT
add,B00491181,APPLICANT
add,B00491181,STUDENT
add,B00491184,APPLICANT
add,B00491183,APPLICANT
add,B00491185,APPLICANT
add,B00491188,APPLICANT
add,B00491188,STUDENT
add,B00491189,APPLICANT
add,B00491190,APPLICANT
add,B00491191,APPLICANT
add,B00491192,APPLICANT
add,B00491192,STUDENT
add,B00491193,APPLICANT
add,B00491195,APPLICANT
add,B00491197,APPLICANT
add,B00491197,STUDENT
add,B00491199,APPLICANT
add,B00491200,APPLICANT
add,B00491200,STUDENT
add,B00491203,APPLICANT
add,B00491203,STUDENT
add,B00491204,APPLICANT
add,B00491207,APPLICANT
add,B00491209,APPLICANT
add,B00491210,APPLICANT
add,B00491211,APPLICANT
add,B00491211,STUDENT
add,B00491212,APPLICANT
add,B00491212,STUDENT
add,B00491213,APPLICANT
add,B00491215,APPLICANT
add,B00491216,APPLICANT
add,B00491219,APPLICANT
add,B00491221,APPLICANT
add,B00491222,APPLICANT
add,B00491223,APPLICANT
add,B00491224,APPLICANT
add,B00491225,APPLICANT
add,B00491228,APPLICANT
add,B00491229,APPLICANT
add,B00491232,APPLICANT
add,B00491235,APPLICANT
add,B00491236,APPLICANT
add,B00491238,APPLICANT
add,B00491239,APPLICANT
add,B00491240,APPLICANT
add,B00491242,APPLICANT
add,B00491243,APPLICANT
add,B00491244,APPLICANT
add,B00491245,APPLICANT
add,B00491246,APPLICANT
add,B00491246,STUDENT
add,B00491248,APPLICANT
add,B00491249,APPLICANT
add,B00491253,APPLICANT
add,B00491253,STUDENT
add,B00491258,APPLICANT
add,B00491258,STUDENT
add,B00491261,APPLICANT
add,B00491261,STUDENT
add,B00491263,APPLICANT
add,B00491264,APPLICANT
add,B00491265,APPLICANT
add,B00491267,APPLICANT
add,B00491268,APPLICANT
add,B00491269,APPLICANT
add,B00491270,APPLICANT
add,B00491271,APPLICANT
add,B00491272,APPLICANT
add,B00491272,STUDENT
add,B00491273,APPLICANT
add,B00491275,APPLICANT
add,B00491276,APPLICANT
add,B00491278,APPLICANT
add,B00491278,STUDENT
add,B00491279,APPLICANT
add,B00491282,APPLICANT
add,B00491283,APPLICANT
add,B00491287,APPLICANT
add,B00491290,APPLICANT
add,B00491291,APPLICANT
add,B00491293,APPLICANT
add,B00491295,APPLICANT
add,B00491298,APPLICANT
add,B00491299,APPLICANT
add,B00491300,APPLICANT
add,B00491302,APPLICANT
add,B00491303,APPLICANT
add,B00491303,STUDENT
add,B00491305,APPLICANT
add,B00491306,APPLICANT
add,B00491307,APPLICANT
add,B00491307,STUDENT
add,B00491309,APPLICANT
add,B00491310,APPLICANT
add,B00491311,APPLICANT
add,B00491312,APPLICANT
add,B00491313,APPLICANT
add,B00491313,STUDENT
add,B00491315,APPLICANT
add,B00491316,APPLICANT
add,B00491317,APPLICANT
add,B00491318,APPLICANT
add,B00491320,APPLICANT
add,B00491321,APPLICANT
add,B00491324,APPLICANT
add,B00491324,STUDENT
add,B00491325,APPLICANT
add,B00491327,APPLICANT
add,B00491329,APPLICANT
add,B00491329,STUDENT
add,B00491331,APPLICANT
add,B00491332,APPLICANT
add,B00491333,APPLICANT
add,B00491334,APPLICANT
add,B00491335,APPLICANT
add,B00491339,APPLICANT
add,B00491339,STUDENT
add,B00491340,APPLICANT
add,B00491343,APPLICANT
add,B00491343,STUDENT
add,B00491344,APPLICANT
add,B00491345,APPLICANT
add,B00491346,APPLICANT
add,B00491347,APPLICANT
add,B00491349,APPLICANT
add,B00491351,APPLICANT
add,B00491353,APPLICANT
add,B00491354,APPLICANT
add,B00491357,APPLICANT
add,B00491357,STUDENT
add,B00491359,APPLICANT
add,B00491359,STUDENT
add,B00491360,APPLICANT
add,B00491361,APPLICANT
add,B00491363,APPLICANT
add,B00491363,STUDENT
add,B00491364,APPLICANT
add,B00491364,STUDENT
add,B00491366,APPLICANT
add,B00491367,APPLICANT
add,B00491369,APPLICANT
add,B00491370,APPLICANT
add,B00491374,APPLICANT
add,B00491375,APPLICANT
add,B00491376,APPLICANT
add,B00491379,APPLICANT
add,B00491379,STUDENT
add,B00491380,APPLICANT
add,B00491381,APPLICANT
add,B00491384,APPLICANT
add,B00491384,STUDENT
add,B00491386,APPLICANT
add,B00491387,APPLICANT
add,B00491387,STUDENT
add,B00491388,APPLICANT
add,B00491389,APPLICANT
add,B00491390,APPLICANT
add,B00491390,STUDENT
add,B00491391,APPLICANT
add,B00491392,APPLICANT
add,B00491392,STUDENT
add,B00491395,APPLICANT
add,B00491395,STUDENT
add,B00491397,APPLICANT
add,B00491396,APPLICANT
add,B00491398,APPLICANT
add,B00491399,APPLICANT
add,B00491401,APPLICANT
add,B00491403,APPLICANT
add,B00491405,APPLICANT
add,B00491406,APPLICANT
add,B00491407,APPLICANT
add,B00491407,STUDENT
add,B00491408,APPLICANT
add,B00491410,APPLICANT
add,B00491411,APPLICANT
add,B00491414,APPLICANT
add,B00491414,STUDENT
add,B00491415,APPLICANT
add,B00491415,STUDENT
add,B00491416,APPLICANT
add,B00491418,APPLICANT
add,B00491419,APPLICANT
add,B00491422,APPLICANT
add,B00491425,APPLICANT
add,B00491429,APPLICANT
add,B00491429,STUDENT
add,B00491430,APPLICANT
add,B00491430,STUDENT
add,B00491431,APPLICANT
add,B00491433,APPLICANT
add,B00491434,APPLICANT
add,B00491435,APPLICANT
add,B00491435,STUDENT
add,B00491436,APPLICANT
add,B00491437,APPLICANT
add,B00491437,STUDENT
add,B00491442,APPLICANT
add,B00491442,STUDENT
add,B00491443,APPLICANT
add,B00491448,APPLICANT
add,B00491449,APPLICANT
add,B00491452,APPLICANT
add,B00491452,STUDENT
add,B00491453,APPLICANT
add,B00491453,STUDENT
add,B00491454,APPLICANT
add,B00491455,APPLICANT
add,B00491456,APPLICANT
add,B00491462,APPLICANT
add,B00491462,STUDENT
add,B00491465,APPLICANT
add,B00491466,APPLICANT
add,B00491467,APPLICANT
add,B00491469,APPLICANT
add,B00491470,APPLICANT
add,B00491470,STUDENT
add,B00491472,APPLICANT
add,B00491473,APPLICANT
add,B00491473,STUDENT
add,B00491475,APPLICANT
add,B00491477,APPLICANT
add,B00491477,STUDENT
add,B00491479,APPLICANT
add,B00491479,STUDENT
add,B00491482,APPLICANT
add,B00491483,APPLICANT
add,B00491485,APPLICANT
add,B00491488,APPLICANT
add,B00491489,APPLICANT
add,B00491491,APPLICANT
add,B00491492,APPLICANT
add,B00491494,APPLICANT
add,B00491495,APPLICANT
add,B00491497,APPLICANT
add,B00491499,APPLICANT
add,B00491500,APPLICANT
add,B00491500,STUDENT
add,B00491501,APPLICANT
add,B00491503,APPLICANT
add,B00491506,APPLICANT
add,B00491507,APPLICANT
add,B00491507,STUDENT
add,B00491508,APPLICANT
add,B00491509,APPLICANT
add,B00491510,APPLICANT
add,B00491512,APPLICANT
add,B00491514,APPLICANT
add,B00491515,APPLICANT
add,B00491516,APPLICANT
add,B00491517,APPLICANT
add,B00491517,STUDENT
add,B00491518,APPLICANT
add,B00491520,APPLICANT
add,B00491521,APPLICANT
add,B00491523,APPLICANT
add,B00491523,STUDENT
add,B00491525,APPLICANT
add,B00491526,STAFF
add,B00491528,STAFF
add,B00491529,APPLICANT
add,B00491529,STUDENT
add,B00491533,APPLICANT
add,B00491533,STUDENT
add,B00491535,APPLICANT
add,B00491535,STUDENT
add,B00491539,GUEST
add,B00491541,APPLICANT
add,B00491541,STUDENT
add,B00491543,APPLICANT
add,B00491546,APPLICANT
add,B00491546,STUDENT
add,B00491548,APPLICANT
add,B00491548,STUDENT
add,B00491551,APPLICANT
add,B00491556,STUDENT
add,B00491559,APPLICANT
add,B00491560,APPLICANT
add,B00491560,STUDENT
add,B00491562,FACULTY
add,B00491570,APPLICANT
add,B00491571,APPLICANT
add,B00491571,STAFF
add,B00491571,STUDENT
add,B00491572,APPLICANT
add,B00491575,APPLICANT
add,B00491575,STUDENT
add,B00491584,APPLICANT
add,B00491584,STUDENT
add,B00491588,STAFF
add,B00491591,APPLICANT
add,B00491591,STUDENT
add,B00491593,APPLICANT
add,B00491596,APPLICANT
add,B00491596,STUDENT
add,B00491597,APPLICANT
add,B00491602,APPLICANT
add,B00491602,STUDENT
add,B00491608,APPLICANT
add,B00491609,APPLICANT
add,B00491609,STUDENT
add,B00491613,APPLICANT
add,B00491613,STUDENT
add,B00491614,APPLICANT
add,B00491614,STUDENT
add,B00491615,APPLICANT
add,B00491615,STUDENT
add,B00491621,STAFF
add,B00491623,STAFF
add,B00491625,APPLICANT
add,B00491625,STUDENT
add,B00491626,APPLICANT
add,B00491626,STUDENT
add,B00491628,APPLICANT
add,B00491628,STUDENT
add,B00491634,APPLICANT
add,B00491634,STUDENT
add,B00491637,APPLICANT
add,B00491637,STUDENT
add,B00491638,APPLICANT
add,B00491638,STUDENT
add,B00491639,APPLICANT
add,B00491639,STUDENT
add,B00491645,APPLICANT
add,B00491647,APPLICANT
add,B00491652,APPLICANT
add,B00491654,APPLICANT
add,B00491654,STUDENT
add,B00491655,APPLICANT
add,B00491655,STUDENT
add,B00491656,APPLICANT
add,B00491659,APPLICANT
add,B00491663,APPLICANT
add,B00491666,APPLICANT
add,B00491666,STUDENT
add,B00491669,APPLICANT
add,B00491672,APPLICANT
add,B00491672,STUDENT
add,B00491673,APPLICANT
add,B00491673,STUDENT
add,B00491674,APPLICANT
add,B00491674,STUDENT
add,B00491681,APPLICANT
add,B00491685,APPLICANT
add,B00491686,APPLICANT
add,B00491687,APPLICANT
add,B00491688,APPLICANT
add,B00491691,APPLICANT
add,B00491691,STUDENT
add,B00491698,APPLICANT
add,B00491698,STUDENT
add,B00491699,APPLICANT
add,B00491702,APPLICANT
add,B00491702,STUDENT
add,B00491704,APPLICANT
add,B00491704,STUDENT
add,B00491706,APPLICANT
add,B00491713,APPLICANT
add,B00491720,APPLICANT
add,B00491720,STUDENT
add,B00491721,APPLICANT
add,B00491724,APPLICANT
add,B00491724,STUDENT
add,B00491729,APPLICANT
add,B00491733,APPLICANT
add,B00491740,APPLICANT
add,B00491740,STUDENT
add,B00491741,APPLICANT
add,B00491741,STUDENT
add,B00491746,APPLICANT
add,B00491746,STUDENT
add,B00491753,APPLICANT
add,B00491753,STUDENT
add,B00491754,APPLICANT
add,B00491754,STUDENT
add,B00491755,APPLICANT
add,B00491756,APPLICANT
add,B00491756,STUDENT
add,B00491757,APPLICANT
add,B00491757,STUDENT
add,B00491759,APPLICANT
add,B00491760,APPLICANT
add,B00491760,STUDENT
add,B00491761,APPLICANT
add,B00491761,STUDENT
add,B00491763,APPLICANT
add,B00491768,APPLICANT
add,B00491768,STUDENT
add,B00491769,APPLICANT
add,B00491769,STUDENT
add,B00491770,APPLICANT
add,B00491771,APPLICANT
add,B00491771,STUDENT
add,B00491773,APPLICANT
add,B00491773,STUDENT
add,B00491774,STAFF
add,B00491775,APPLICANT
add,B00491776,APPLICANT
add,B00491776,STUDENT
add,B00491777,APPLICANT
add,B00491779,APPLICANT
add,B00491779,STUDENT
add,B00491783,APPLICANT
add,B00491784,STAFF
add,B00491786,STAFF
add,B00491787,STAFF
add,B00491808,APPLICANT
add,B00491810,APPLICANT
add,B00491813,APPLICANT
add,B00491816,APPLICANT
add,B00491817,APPLICANT
add,B00491819,APPLICANT
add,B00491819,STUDENT
add,B00491820,APPLICANT
add,B00491844,APPLICANT
add,B00491844,STUDENT
add,B00491845,APPLICANT
add,B00491845,STUDENT
add,B00491850,APPLICANT
add,B00491850,STUDENT
add,B00491853,APPLICANT
add,B00491857,APPLICANT
add,B00491857,STUDENT
add,B00491875,APPLICANT
add,B00491875,STUDENT
add,B00491881,APPLICANT
add,B00491881,STUDENT
add,B00491891,APPLICANT
add,B00491893,APPLICANT
add,B00491893,STUDENT
add,B00491919,APPLICANT
add,B00491929,APPLICANT
add,B00491929,STUDENT
add,B00491962,APPLICANT
add,B00491965,APPLICANT
add,B00491966,APPLICANT
add,B00491969,APPLICANT
add,B00491969,STUDENT
add,B00491972,APPLICANT
add,B00491974,APPLICANT
add,B00491978,APPLICANT
add,B00491978,STUDENT
add,B00491981,APPLICANT
add,B00491981,STUDENT
add,B00491983,APPLICANT
add,B00491983,STUDENT
add,B00491985,APPLICANT
add,B00491985,STUDENT
add,B00491986,APPLICANT
add,B00491986,STUDENT
add,B00491993,APPLICANT
add,B00491993,STUDENT
add,B00492008,APPLICANT
add,B00492008,STUDENT
add,B00492024,APPLICANT
add,B00492024,STUDENT
add,B00492028,APPLICANT
add,B00492028,STUDENT
add,B00492046,APPLICANT
add,B00492053,APPLICANT
add,B00492053,STUDENT
add,B00492065,APPLICANT
add,B00492067,APPLICANT
add,B00492067,STUDENT
add,B00492071,APPLICANT
add,B00492075,APPLICANT
add,B00492076,APPLICANT
add,B00492076,STUDENT
add,B00492082,APPLICANT
add,B00492085,APPLICANT
add,B00492085,STUDENT
add,B00492110,APPLICANT
add,B00492111,APPLICANT
add,B00492125,APPLICANT
add,B00492126,APPLICANT
add,B00492126,STUDENT
add,B00492127,APPLICANT
add,B00492127,STUDENT
add,B00492128,APPLICANT
add,B00492128,STUDENT
add,B00492129,APPLICANT
add,B00492129,STUDENT
add,B00492134,APPLICANT
add,B00492134,STUDENT
add,B00492145,APPLICANT
add,B00492146,APPLICANT
add,B00492146,STUDENT
add,B00492147,APPLICANT
add,B00492147,STUDENT
add,B00492149,APPLICANT
add,B00492149,STUDENT
add,B00492150,APPLICANT
add,B00492150,STUDENT
add,B00492171,APPLICANT
add,B00492191,APPLICANT
add,B00492191,STUDENT
add,B00492192,APPLICANT
add,B00492192,STUDENT
add,B00492193,APPLICANT
add,B00492194,APPLICANT
add,B00492197,APPLICANT
add,B00492197,STUDENT
add,B00492198,APPLICANT
add,B00492200,APPLICANT
add,B00492216,APPLICANT
add,B00492216,STUDENT
add,B00492227,APPLICANT
add,B00492232,APPLICANT
add,B00492307,APPLICANT
add,B00492349,APPLICANT
add,B00492349,STUDENT
add,B00492351,APPLICANT
add,B00492351,STUDENT
add,B00492368,APPLICANT
add,B00492380,APPLICANT
add,B00492380,STUDENT
add,B00492381,APPLICANT
add,B00492381,STUDENT
add,B00492401,APPLICANT
add,B00492401,STUDENT
add,B00492402,APPLICANT
add,B00492402,STUDENT
add,B00492403,STAFF
add,B00492409,GUEST
add,B00492412,APPLICANT
add,B00492412,STUDENT
add,B00492431,APPLICANT
add,B00492431,STUDENT
add,B00492433,CSPARENT
add,B00492438,APPLICANT
add,B00492438,STUDENT
add,B00492439,APPLICANT
add,B00492439,STUDENT
add,B00492448,GUEST
add,B00492451,APPLICANT
add,B00492451,STUDENT
add,B00492457,STAFF
add,B00492458,STAFF
add,B00492459,CSPARENT
add,B00492460,CSPARENT
add,B00492461,CSPARENT
add,B00492462,CSPARENT
add,B00492465,APPLICANT
add,B00492469,STUDENT
add,B00492470,STUDENT
add,B00492511,APPLICANT
add,B00492511,STUDENT
add,B00492512,APPLICANT
add,B00492512,STUDENT
add,B00492514,APPLICANT
add,B00492514,STUDENT
add,B00492525,APPLICANT
add,B00492526,APPLICANT
add,B00492526,STUDENT
add,B00492527,APPLICANT
add,B00492527,STUDENT
add,B00492545,APPLICANT
add,B00492545,STUDENT
add,B00492553,CSPARENT
add,B00492554,CSPARENT
add,B00492555,CSPARENT
add,B00492556,CSPARENT
add,B00492557,CSPARENT
add,B00492558,APPLICANT
add,B00492558,STUDENT
add,B00492559,APPLICANT
add,B00492560,APPLICANT
add,B00492561,CSPARENT
add,B00492562,CSPARENT
add,B00492563,APPLICANT
add,B00492563,STUDENT
add,B00492564,CSPARENT
add,B00492565,CSPARENT
add,B00492566,CSPARENT
add,B00492577,APPLICANT
add,B00492579,APPLICANT
add,B00492579,STUDENT
add,B00492583,APPLICANT
add,B00492585,APPLICANT
add,B00492585,STUDENT
add,B00492599,APPLICANT
add,B00492599,STUDENT
add,B00492600,APPLICANT
add,B00492604,APPLICANT
add,B00492609,APPLICANT
add,B00492609,STUDENT
add,B00492612,CSPARENT
add,B00492613,CSPARENT
add,B00492614,CSPARENT
add,B00492615,APPLICANT
add,B00492615,STUDENT
add,B00492616,APPLICANT
add,B00492616,STUDENT
add,B00492617,APPLICANT
add,B00492623,APPLICANT
add,B00492627,GUEST
add,B00492631,APPLICANT
add,B00492631,STUDENT
add,B00492632,APPLICANT
add,B00492632,STUDENT
add,B00492633,APPLICANT
add,B00492633,STUDENT
add,B00492635,APPLICANT
add,B00492635,STUDENT
add,B00492637,STAFF
add,B00492639,CSPARENT
add,B00492640,CSPARENT
add,B00492642,APPLICANT
add,B00492641,APPLICANT
add,B00492641,STUDENT
add,B00492643,APPLICANT
add,B00492643,STUDENT
add,B00492659,CSPARENT
add,B00492669,APPLICANT
add,B00492669,STUDENT
add,B00492673,APPLICANT
add,B00492673,STUDENT
add,B00492679,APPLICANT
add,B00492690,STAFF
add,B00492691,STAFF
add,B00492692,APPLICANT
add,B00492693,APPLICANT
add,B00492693,STUDENT
add,B00492705,APPLICANT
add,B00492706,APPLICANT
add,B00492706,STUDENT
add,B00492718,APPLICANT
add,B00492718,STUDENT
add,B00492719,APPLICANT
add,B00492719,STUDENT
add,B00492721,APPLICANT
add,B00492721,STUDENT
add,B00492728,CSPARENT
add,B00492755,APPLICANT
add,B00492755,STUDENT
add,B00492764,APPLICANT
add,B00492764,STUDENT
add,B00492765,GUEST
add,B00492766,GUEST
add,B00492771,APPLICANT
add,B00492771,STUDENT
add,B00492775,APPLICANT
add,B00492775,STUDENT
add,B00492776,APPLICANT
add,B00492777,APPLICANT
add,B00492778,APPLICANT
add,B00492778,STUDENT
add,B00492780,APPLICANT
add,B00492785,STAFF
add,B00492790,APPLICANT
add,B00492790,STUDENT
add,B00492808,APPLICANT
add,B00492808,STUDENT
add,B00492809,APPLICANT
add,B00492809,STUDENT
add,B00492823,APPLICANT
add,B00492828,APPLICANT
add,B00492833,STAFF
add,B00492838,APPLICANT
add,B00492854,APPLICANT
add,B00492854,STUDENT
add,B00492865,APPLICANT
add,B00492865,STUDENT
add,B00492877,STUDENT
add,B00492878,STUDENT
add,B00492883,STAFF
add,B00492890,STAFF
add,B00492893,STAFF
add,B00492894,APPLICANT
add,B00492912,APPLICANT
add,B00492918,APPLICANT
add,B00492918,STUDENT
add,B00492924,STUDENT
add,B00492927,STAFF
add,B00492929,APPLICANT
add,B00492942,APPLICANT
add,B00492942,STUDENT
add,B00492947,STAFF
add,B00492954,APPLICANT
add,B00492958,CSPARENT
add,B00492965,APPLICANT
add,B00492965,STUDENT
add,B00492967,APPLICANT
add,B00492967,STUDENT
add,B00492968,STUDENT
add,B00492974,STAFF
add,B00492975,STAFF
add,B00492976,APPLICANT
add,B00492983,APPLICANT
add,B00492996,STAFF
add,B00492997,STAFF
add,B00492998,STAFF
add,B00492999,STAFF
add,B00493000,STAFF
add,B00493001,STAFF
add,B00493010,STAFF
add,B00493021,STAFF
add,B00493026,CSPARENT
add,B00493043,STAFF
add,B00493057,STAFF
add,B00493070,CSPARENT
add,B00493078,CSPARENT
add,B00493079,STAFF
add,B00493083,GUEST
add,B00493084,STAFF
add,B00493086,STAFF
add,A00367165,FACULTY
add,A00367180,FACULTY
add,A00367181,STAFF
add,A00367309,FACULTY
add,A00375852,STAFF
add,A00376188,FACULTY
add,A00377055,FACULTY
add,A00382107,GUEST
add,A00382698,FACULTY
add,A00384524,FACULTY
add,A00384876,FACULTY
add,A00390093,STAFF
add,A00390093,STUDENT
add,A00393879,FACULTY
add,A00394241,FACULTY
add,A00394363,FACULTY
add,A00398544,FACULTY
add,A00399171,EMAILFORLIFE
add,A00402523,STAFF
add,A00402945,FACULTY
add,A00405766,STUDENT
add,A00409768,FACULTY
add,A00410474,FACULTY
add,A00411736,STUDENT
add,A00412174,FACULTY
add,A00413065,STAFF
add,A00419044,FACULTY
add,A00419044,STAFF
add,A00422449,FACULTY
add,A00424032,FACULTY
add,A00425021,FACULTY
add,A00426903,EMAILFORLIFE
add,A00426903,STAFF
add,A00427774,FACULTY
add,A00428629,FACULTY
add,A00428629,STAFF
add,A00428876,FACULTY
add,A00428876,STAFF
add,A00429550,FACULTY
add,A00430766,FACULTY
add,A00435091,FACULTY
add,A00435091,STAFF
add,A00435308,FACULTY
add,A00435761,EMAILFORLIFE
add,A00438506,FACULTY
add,A00438820,FACULTY
add,A00444029,FACULTY
add,A00444159,FACULTY
add,A00444277,STUDENT
add,A00444765,FACULTY
add,A00444844,FACULTY
add,A00446363,GUEST
add,A00446503,STAFF
add,A00446749,STAFF
add,A00446749,STUDENT
add,A00447980,FACULTY
add,A00449050,STAFF
add,A00449570,STUDENT
add,A00449825,STAFF
add,A00450999,STAFF
add,A00452599,FACULTY
add,A00452599,STAFF
add,A00452903,APPLICANT
add,A00452903,STUDENT
add,A00454613,STAFF
add,A00454913,STAFF
add,A00455833,GUEST
add,A00457146,FACULTY
add,A00457146,STUDENT
add,A00457545,STAFF
add,A00457615,FACULTY
add,A00463291,FACULTY
add,A00467210,STAFF
add,A00467330,STUDENT
add,A00467734,STUDENT
add,A00468091,FACULTY
add,A00471060,FACULTY
add,A00471687,FACULTY
add,A00471687,STAFF
add,A00471846,FACULTY
add,A00473080,STUDENT
add,A00474369,STAFF
add,A00476240,FACULTY
add,A00477403,GUEST
add,A00481625,FACULTY
add,A00482496,FACULTY
add,A00482964,STAFF
add,A00483162,FACULTY
add,A00483221,GUEST
add,A00483419,STAFF
add,A00483491,STAFF
add,A00483539,FACULTY
add,A00483547,FACULTY
add,A00483638,FACULTY
add,A00483675,STAFF
add,B00001563,FACULTY
add,B00048672,STUDENT
add,B00054094,APPLICANT
add,B00054094,STUDENT
add,B00071944,STUDENT
add,B00072024,GUEST
add,B00077617,STUDENT
add,B00080259,GUEST
add,B00083164,FACULTY
add,B00083476,STUDENT
add,B00085015,STUDENT
add,B00086544,APPLICANT
add,B00086544,STUDENT
add,B00087584,STUDENT
add,B00088076,FACULTY
add,B00090957,FACULTY
add,B00090957,STAFF
add,B00091926,EMAILFORLIFE
add,B00098952,APPLICANT
add,B00098952,STUDENT
add,B00119139,GUEST
add,B00119490,FACULTY
add,B00134898,GUEST
add,B00136754,FACULTY
add,B00139141,FACULTY
add,B00140106,FACULTY
add,B00140358,FACULTY
add,B00142672,STAFF
add,B00143886,STAFF
add,B00144419,FACULTY
add,B00146005,STAFF
add,B00146005,STUDENT
add,B00146884,FACULTY
add,B00147167,STAFF
add,B00148321,FACULTY
add,B00150544,FACULTY
add,B00154915,STUDENT
add,B00156973,FACULTY
add,B00158014,STAFF
add,B00159103,STAFF
add,B00160428,FACULTY
add,B00160995,FACULTY
add,B00162388,GUEST
add,B00163145,STUDENT
add,B00163597,FACULTY
add,B00164850,STAFF
add,B00164983,STAFF
add,B00166589,STAFF
add,B00168569,STUDENT
add,B00169107,STUDENT
add,B00170291,STUDENT
add,B00170720,STUDENT
add,B00170862,FACULTY
add,B00171085,STUDENT
add,B00171861,FACULTY
add,B00171920,FACULTY
add,B00173287,TRUSTEE
add,B00173453,FACULTY
add,B00174273,FACULTY
add,B00175322,FACULTY
add,B00176097,FACULTY
add,B00176369,FACULTY
add,B00177308,FACULTY
add,B00180852,FACULTY
add,B00180852,STAFF
add,B00181279,STAFF
add,B00181603,TRUSTEE
add,B00181995,STAFF
add,B00181996,FACULTY
add,B00181996,STUDENT
add,B00183124,STAFF
add,B00183497,FACULTY
add,B00183788,STAFF
add,B00183788,STUDENT
add,B00184038,STAFF
add,B00184621,STAFF
add,B00187391,FACULTY
add,B00187900,FACULTY
add,B00188404,STAFF
add,B00188480,STAFF
add,B00189454,STAFF
add,B00189807,STAFF
add,B00189952,STAFF
add,B00190153,STAFF
add,B00190750,APPLICANT
add,B00190750,STUDENT
add,B00191765,FACULTY
add,B00191860,FACULTY
add,B00192061,FACULTY
add,B00192670,FACULTY
add,B00193219,FACULTY
add,B00193219,STAFF
add,B00197584,EMAILFORLIFE
add,B00197584,FACULTY
add,B00197847,STUDENT
add,B00200479,STAFF
add,B00201504,STAFF
add,B00201505,STAFF
add,B00202270,FACULTY
add,B00204559,FACULTY
add,B00204591,FACULTY
add,B00204591,STAFF
add,B00204688,FACULTY
add,B00205400,FACULTY
add,B00205517,FACULTY
add,B00205600,STAFF
add,B00207744,STAFF
add,B00208634,STAFF
add,B00209571,STAFF
add,B00209814,GUEST
add,B00213511,STAFF
add,B00215519,FACULTY
add,B00215915,STAFF
add,B00216020,STAFF
add,B00216069,FACULTY
add,B00216516,FACULTY
add,B00216577,STAFF
add,B00217285,FACULTY
add,B00217640,STAFF
add,B00218979,STUDENT
add,B00222444,FACULTY
add,B00223740,STUDENT
add,B00223971,FACULTY
add,B00224018,APPLICANT
add,B00225034,STAFF
add,B00225397,FACULTY
add,B00225890,STAFF
add,B00225911,FACULTY
add,B00226788,STAFF
add,B00228109,TRUSTEE
add,B00228514,STAFF
add,B00228622,FACULTY
add,B00228622,STAFF
add,B00228903,FACULTY
add,B00229950,STAFF
add,B00230585,FACULTY
add,B00230714,FACULTY
add,B00231167,STUDENT
add,B00232467,GUEST
add,B00232569,GUEST
add,B00235315,STAFF
add,B00235363,FACULTY
add,B00235370,STAFF
add,B00235394,GUEST
add,B00235801,STAFF
add,B00235801,STUDENT
add,B00235877,FACULTY
add,B00236082,STAFF
add,B00236616,FACULTY
add,B00236616,STAFF
add,B00239818,FACULTY
add,B00241154,FACULTY
add,B00241482,STUDENT
add,B00247917,STUDENT
add,B00248285,FACULTY
add,B00249064,STAFF
add,B00249064,STUDENT
add,B00249074,STAFF
add,B00250680,STAFF
add,B00250726,FACULTY
add,B00250822,FACULTY
add,B00250822,STAFF
add,B00250918,GUEST
add,B00251337,FACULTY
add,B00251730,STAFF
add,B00252243,STUDENT
add,B00253893,STUDENT
add,B00255721,APPLICANT
add,B00255721,GUEST
add,B00255721,STUDENT
add,B00255768,STAFF
add,B00256631,FACULTY
add,B00256936,STAFF
add,B00258435,STAFF
add,B00258660,GUEST
add,B00258785,STAFF
add,B00328303,STUDENT
add,B00422190,FACULTY
add,B00342485,STAFF
add,B00423640,STAFF
add,B00425275,GUEST
add,B00427395,GUEST
add,B00427524,STAFF
add,B00428567,FACULTY
add,B00428823,STAFF
add,B00429211,FACULTY
add,B00429347,STUDENT
add,B00430140,STAFF
add,B00430426,FACULTY
add,B00430571,GUEST
add,B00431654,FACULTY
add,B00434444,STUDENT
add,B00435548,FACULTY
add,B00435648,STAFF
add,B00436025,APPLICANT
add,B00436025,STUDENT
add,B00436270,STUDENT
add,B00436922,STUDENT
add,B00548111,FACULTY
add,B00548213,STAFF
add,B00548655,GUEST
add,B00458457,STUDENT
add,B00617096,STAFF
add,B00618750,STUDENT
add,B00618951,STAFF
add,B00619192,FACULTY
add,B00619252,FACULTY
add,B00619798,FACULTY
add,B00620063,FACULTY
add,B00620063,STAFF
add,B00621201,GUEST
add,B00621343,STAFF
add,B00621699,STUDENT
add,B00622509,APPLICANT
add,B00622509,STUDENT
add,B00622868,APPLICANT
add,B00622868,STUDENT
add,B00622902,APPLICANT
add,B00622902,STUDENT
add,B00624140,FACULTY
add,B00624253,STUDENT
add,B00624276,GUEST
add,B00624287,STAFF
add,B00624718,STUDENT
add,B00625737,FACULTY
add,B00626100,STAFF
add,B00673004,STAFF
add,B00673131,STAFF
add,B00673297,FACULTY
add,B00673322,STUDENT
add,B00673505,STAFF
add,B00701112,STAFF
add,B00712938,STUDENT
add,B00695844,STAFF
add,B00716686,FACULTY
add,B00717629,STAFF
add,B00718605,FACULTY
add,B00719094,FACULTY
add,B00719572,APPLICANT
add,B00720468,STAFF
add,B00721144,STAFF
add,B00721810,STAFF
add,B00721937,FACULTY
add,B00722187,FACULTY
add,B00723201,FACULTY
add,B00723548,FACULTY
add,B00724451,FACULTY
add,B00724540,STUDENT
add,B00724826,FACULTY
add,B00727311,STAFF
add,B00727709,STAFF
add,B00727772,FACULTY
add,B00727892,STUDENT
add,B00791164,STAFF
add,B00792484,FACULTY
add,B00792516,STAFF
add,B00792555,FACULTY
add,B00792557,FACULTY
add,B00792828,GUEST
add,B00793552,GUEST
add,B00793689,STAFF
add,B00793758,APPLICANT
add,B00793758,STUDENT
add,B00812503,FACULTY
add,B00812551,FACULTY
add,B00812818,FACULTY
add,B00835737,STUDENT
add,B00836777,STUDENT
add,B00836968,STAFF
add,B00837147,STUDENT
add,B00837504,STUDENT
add,B00838697,APPLICANT
add,B00838697,STUDENT
add,B00839067,STAFF
add,B00839795,STAFF
add,B00839838,FACULTY
add,B00840751,FACULTY
add,B00841160,FACULTY
add,B00841300,FACULTY
add,B00842546,FACULTY
add,B00842848,FACULTY
add,B00843463,FACULTY
add,B00843463,STUDENT
add,B00843621,STAFF
add,B00843720,FACULTY
add,B00843975,STAFF
add,B00844081,APPLICANT
add,B00844255,STUDENT
add,B00845834,GUEST
add,B00846973,STAFF
add,B00847115,STAFF
add,B00847616,STAFF
add,B00848454,FACULTY
add,B00848797,FACULTY
add,B00848800,FACULTY
add,B00849031,STAFF
add,B00849031,STUDENT
add,B00849463,STAFF
add,B00849586,FACULTY
add,B00849685,FACULTY
add,B00849689,FACULTY
add,B00849689,STAFF
add,B00849853,STAFF
add,B00850070,FACULTY
add,B00850676,APPLICANT
add,B00850676,STUDENT
add,B00850690,STAFF
add,B00850800,FACULTY
add,B00854086,FACULTY
add,B00857564,STAFF
add,B00860051,FACULTY
add,B00864548,STUDENT
add,B00864636,STUDENT
add,B00866462,STAFF
add,B00867224,FACULTY
add,B00867227,FACULTY
add,B00867586,FACULTY
add,B00868390,STAFF
add,B00868609,STAFF
add,B00869232,FACULTY
add,B00869417,FACULTY
add,B00869429,STAFF
add,B00869494,STAFF
add,B00871198,STUDENT
add,B00871948,STUDENT
add,B00872750,STUDENT
add,B00873186,STAFF
add,B00873350,STAFF
add,B00873914,APPLICANT
add,B00873914,STUDENT
add,B00876528,FACULTY
add,B00876789,FACULTY
add,B00877001,GUEST
add,B00877177,FACULTY
add,B00877262,GUEST
add,B00877313,GUEST
add,B00877408,FACULTY
add,B00877468,STAFF
add,B00877471,FACULTY
add,B00877684,STAFF
add,B00878561,FACULTY
add,B00878878,FACULTY
add,B00878980,STUDENT
add,B00879531,STUDENT
add,B00881443,STAFF
add,B00889883,FACULTY
add,B00892024,APPLICANT
add,B00892024,STUDENT
add,B00894281,FACULTY
add,B00894412,GUEST
add,B00894592,STAFF
add,B00894697,STUDENT
add,B00895354,FACULTY
add,B00895949,GUEST
add,B00895984,FACULTY
add,B00896460,STUDENT
add,B00896556,FACULTY
